issue_id,num_url,num_code,num_comment,num_table,count_word_title,count_word_body,readability,labeler_exper,num_file,num_add,num_delete,stargazers_count,whether_solved_by_newcomers
22685294,0,1,0,0,5,50,14.12,0,1,16,4,10992,0
13895853,0,1,0,0,6,93,15.97,5,1,11,3,10992,0
56530156,0,1,0,0,7,26,8.01,3,2,11,0,10992,0
42801909,0,0,0,0,6,25,9.23,5,3,23,4,10992,0
53589450,0,0,0,0,4,58,14,18,4,186,57,10992,0
24890319,0,0,0,0,8,15,37.05,0,2,16,11,10992,0
20763709,0,1,0,0,3,14,12.35,0,2,16,2,10992,0
25456829,0,0,0,0,3,0,-15.81,0,2,34,0,10992,0
26783977,0,1,0,0,3,8,18.05,0,2,27,13,10992,0
21813525,0,0,0,0,4,0,-15.81,0,6,6,7,10992,0
42143302,0,0,0,0,7,0,-15.81,5,4,50,34,10992,0
29504137,0,2,0,0,4,14,15.71,0,1,5,0,10992,0
27869837,0,1,0,0,8,7,22.34,62,5,21,16,10992,0
30341038,0,0,0,0,7,18,3.07,0,3,24,13,10992,0
31865425,0,0,0,0,3,0,-15.81,0,2,7,6,10992,0
38958671,0,0,0,0,4,0,-15.81,5,1,29,28,10992,0
18000487,0,0,0,0,4,0,-15.81,0,,,,10992,0
47363527,1,1,0,0,9,90,8.08,8,1,1,1,10992,0
26646761,0,0,0,0,4,3,-0.46,0,4,23,2,10992,0
42171735,0,0,0,0,6,14,8.23,5,8,34,22,10992,0
64563974,1,2,0,0,5,42,18.51,0,1,6,2,10992,0
64563974,1,2,0,0,5,42,18.51,0,1,39,41,10992,0
38819599,0,0,0,0,2,0,-15.81,5,4,30,11,10992,0
35772071,0,0,0,0,4,76,8.73,52,2,16,4,10992,0
21489329,0,0,0,0,6,5,43.24,0,1,10,0,10992,0
29313026,0,1,0,0,5,1,12.6,58,1,75,8,10992,0
29488863,0,1,0,0,3,0,-15.81,0,1,8,0,10992,0
14077557,0,0,0,0,4,0,-15.81,0,2,34,11,10992,0
13669901,0,1,0,0,5,25,14.78,122,1,16,4,10992,0
10534432,0,1,0,0,14,19,6.56,0,1,3,0,10992,0
2038499,0,0,0,0,4,57,10.16,,1,1,1,4862,0
40635238,0,0,0,0,5,55,24.32,0,2,14,1,4445,0
20735836,1,1,0,0,17,59,16.26,0,3,92,82,4445,0
33236634,,,,,,,,342,1,1,1,18193,0
46916,0,0,0,0,6,3,194.83,,1,5,0,4231,0
8042413,0,1,0,0,6,0,-15.81,19,1,4,2,1518,0
36626933,0,0,0,0,6,5,59.48,0,1,3,1,34394,0
2976796,0,1,0,0,6,11,7.93,,16,34,36,37020,0
8675310,0,0,0,0,5,31,5.45,243,1,2,2,6199,0
31949656,0,1,0,0,10,48,12.29,240,2,10,6,6199,0
15065044,0,0,0,0,6,13,9.03,0,1,2,1,8223,0
61340953,7,0,0,0,9,181,12.78,0,,,,3848,0
19787979,0,1,0,0,15,54,8.71,23,1,10,1,80973,0
26974224,0,0,0,0,3,0,-15.81,0,1,1,0,80973,0
27400986,0,0,0,0,4,85,11.43,0,1,4,0,44138,0
32228393,0,0,0,0,7,61,24.03,,2,10,3,44138,0
16378425,0,0,0,0,7,76,31.35,0,3,73,8,44138,0
16117765,1,0,0,0,9,18,8.18,0,2,5,8,4725,0
17357278,0,0,0,0,5,40,11.55,0,4,34,31,4725,0
37732949,0,0,0,0,9,114,12.83,34,2,15,13,9830,0
59525893,0,0,0,0,9,28,15.88,358,2,34,34,6232,0
41787383,1,0,0,0,9,56,18.64,,1,2,2,10409,0
59342817,0,0,0,0,7,25,19.44,546,3,17,3,10409,0
65239369,0,0,0,0,4,47,12.72,0,8,40,19,10409,0
58837284,0,0,0,0,10,46,11.74,0,1,3,2,10409,0
61542262,0,0,0,0,3,49,4.93,212,2,9,2,10409,0
41663983,0,2,0,0,13,74,13.37,22,2,135,12,8337,0
23443660,0,1,0,0,7,38,12.94,29,1,3,0,8337,0
41671755,0,0,0,0,5,49,10.46,22,1,125,119,8337,0
1748408,0,1,0,0,5,62,7.73,,1,1,1,2593,0
1628977,0,1,0,0,4,52,10.81,,2,11,0,25710,0
1255178,0,0,0,0,4,32,25.58,,1,1,1,25710,0
13571294,0,2,0,0,6,39,16.6,0,1,4,3,25710,0
3066307,0,0,0,0,8,69,15.55,,2,4,3,25710,0
3057686,0,0,0,0,14,73,13.83,,2,6,1,25710,0
2957020,0,0,0,0,8,13,14.56,,1,15,3,25710,0
2883525,0,1,0,0,5,4,5.8,,1,22,17,25710,0
3435153,0,0,0,0,8,46,12.72,,2,6,0,25710,0
3225537,0,1,0,0,4,99,7.38,,1,36,36,25710,0
1606854,0,1,0,0,7,33,12.82,,2,72,2,25710,0
4961672,1,0,0,0,6,9,33.78,,1,6,1,25710,0
19748975,1,0,0,0,8,55,10.85,0,1,6,1,25710,0
4867469,1,0,0,0,4,83,14.99,,1,2,0,25710,0
18504758,0,0,0,0,11,0,-15.81,0,2,8,1,15566,0
38971851,0,0,0,0,8,13,41.17,262,2,9,2,10451,0
39270633,0,0,0,0,5,8,13.7,271,2,91,25,10451,0
29490477,0,0,0,0,4,24,11.59,349,4,0,109,10451,0
29206948,0,4,0,0,7,159,11.78,320,4,58,25,10451,0
39247597,0,0,0,0,9,147,10.86,0,6,12,2,8206,0
38306726,1,0,0,0,5,115,12.37,0,1,6,1,8206,0
43990127,0,0,0,0,6,115,9.6,82,1,1,1,3614,0
6327995,0,0,0,0,12,73,12.78,0,2,6,2,26060,0
13506966,0,0,0,0,7,7,-0.87,19,2,36,9,12460,0
26597611,0,1,0,0,11,62,13.48,31,1,3,2,64262,0
45673496,1,0,0,0,8,184,13.83,2,1,19,52,64262,0
44222281,1,0,0,0,13,20,19.55,8,1,36,0,64262,0
54079722,0,0,1,0,5,64,12.78,15,1,3,0,13456,0
61966343,0,0,0,0,4,54,12.61,39,9,426,253,8685,0
37510937,0,1,0,2,3,114,20.44,170,2,73,20,1505,0
44970469,0,0,0,0,7,93,12.02,221,6,161,40,1505,0
39659075,0,2,0,0,3,42,9.81,211,4,33,17,1505,0
55024700,0,0,0,0,15,63,15.73,0,2,44,16,12631,0
51392860,0,0,0,0,3,5,7.28,0,10,135,42,36831,0
62789205,1,0,0,0,6,60,9.81,323,1,16,0,1730,0
52022331,0,0,0,0,8,34,9.14,321,2,24,4,1730,0
36852479,0,0,0,0,6,22,9.63,440,2,5,0,1730,0
68852766,2,0,0,0,8,57,11.31,196,2,3,2,1730,0
18258134,0,0,0,0,8,25,7.84,0,11,122,45,7914,0
13170181,0,0,0,0,3,174,12.95,0,1,24,16,7914,0
38849774,0,0,0,0,10,34,8.37,0,13,228,42,7914,0
20441216,2,0,0,0,7,99,9.06,3,4,62,147,7914,0
66855062,0,0,2,0,6,47,11.85,307,2,30,5,10831,0
66394577,0,0,0,0,7,51,14.15,332,2,6,1,10831,0
61641395,1,0,0,0,7,3,5.35,443,2,6,1,10831,0
55909808,2,2,3,0,5,114,15.44,0,2,41,2,14910,0
9065204,0,0,0,0,5,15,7.03,0,4,7,18,14910,0
21491244,0,2,0,0,8,70,14.4,0,3,41,2,14910,0
51116052,0,2,3,0,7,147,17,0,1,2,2,14910,0
16230316,1,1,0,0,4,26,23.38,2,2,18,1,14910,0
14801793,1,3,0,0,8,32,21.94,0,2,19,2,14910,0
12747179,0,1,0,0,7,12,6.48,0,1,10,1,10992,0
61310959,0,0,0,0,11,0,-15.81,6,1,17,7,10992,0
19650879,0,0,0,0,5,1,273.6,0,5,9,3,10992,0
53512016,0,1,0,0,4,15,15.36,0,5,135,109,10992,0
29809141,0,0,0,0,9,14,17.33,0,1,7,2,10992,0
35978636,0,0,0,0,4,17,8.35,2,1,2,2,10992,0
42959089,0,0,0,0,4,19,10.79,5,1,21,2,10992,0
57766914,0,2,0,0,7,46,9.59,0,2,32,18,10992,0
34675060,0,0,0,0,6,11,6.3,47,2,33,11,10992,0
50825960,0,1,0,0,2,0,-15.81,0,2,36,33,10992,0
26250695,0,0,0,0,9,26,8.65,0,3,100,36,10992,0
39855968,2,0,0,0,5,13,15.76,75,3,29,2,10992,0
21024939,0,0,0,0,9,0,-15.81,0,1,21,2,10992,0
48562199,0,0,0,0,4,0,-15.81,10,2,17,0,10992,0
50492667,1,0,0,0,5,10,18.36,0,6,119,53,10992,0
44799248,0,2,0,0,5,30,14.23,0,7,308,220,10992,0
24426994,0,0,0,0,7,33,10.92,7,1,1,1,10992,0
19719588,0,0,0,0,4,1,198.2,0,1,26,2,10992,0
20145104,0,0,0,0,8,0,-15.81,0,3,65,0,10992,0
28387699,0,2,0,0,4,28,10.97,0,2,12,6,10992,0
16706851,0,0,0,0,9,50,22.46,8,3,18,1,10992,0
20702014,0,0,0,0,6,3,-12.06,47,1,10,3,10992,0
49802261,0,0,0,0,4,2,10,12,1,5,0,10992,0
31961385,0,0,0,0,15,0,-15.81,1,1,59,21,10992,0
31553756,0,0,0,0,8,0,-15.81,0,1,1,1,10992,0
35758003,0,1,0,0,4,10,13.14,49,1,9,4,10992,0
51889908,0,1,0,0,2,0,-15.81,16,1,1,1,10992,0
63008969,0,1,0,0,7,0,-15.81,3,10,76,8,10992,0
48303650,0,1,0,0,12,0,-15.81,0,2,4,2,10992,0
34140984,1,0,0,0,5,21,17.23,2,21,64,64,10992,0
39460218,0,1,0,0,6,69,10.91,57,2,3,3,10992,0
38682004,0,0,0,0,7,0,-15.81,5,4,21,3,10992,0
55373787,0,0,0,0,3,15,4.92,19,1,4,0,10992,0
16174199,0,0,0,0,8,4,-2.91,66,1,11,24,10992,0
11014965,0,0,0,0,4,7,4.07,0,,,,10992,0
1606920,0,2,0,0,14,59,8.88,,2,2,1,4862,0
57407340,0,0,0,0,8,22,9.11,0,1,1,1,4445,0
27547991,0,0,0,0,4,57,18.45,0,1,1,0,4445,0
5568586,1,1,0,0,8,31,11.73,19,2,12,0,1518,0
231347,0,0,0,0,7,0,-15.81,,1,15,1,8911,0
1210654,,,,,,,,,2,32,0,37020,0
713554,,,,,,,,,1,2,2,37020,0
6255156,,,,,,,,,1,8,2,37020,0
24925363,0,0,0,0,9,34,15.54,40,1,9,4,6199,0
9345469,0,1,0,0,14,8,66.66,0,1,1,1,6199,0
38637954,0,0,0,0,7,72,9.92,151,1,0,1,6199,0
7886329,2,0,0,0,4,139,12.84,258,9,12,10,6199,0
14061525,0,0,0,0,5,22,8.45,255,25,134,92,4506,0
2364476,0,0,0,0,10,82,15.17,,1,2,2,30181,0
54366566,2,0,0,0,8,37,14.34,305,2,11,0,3848,0
24675839,0,0,0,0,7,327,28.91,66,3,12,1,80973,0
26312747,0,0,0,0,5,1,250.4,63,2,7,3,80973,0
16612477,0,0,0,0,4,27,27.5,0,2,14,10,80973,0
46506452,0,2,0,0,14,76,16.6,0,6,63,33,44138,0
33579122,0,0,0,0,3,8,160.15,432,13,7,7,44138,0
23379360,1,0,0,0,3,19,5.63,0,1,268,29,44138,0
22899673,0,2,0,0,9,47,10,0,2,46,5,44138,0
22133596,0,0,0,0,2,17,18.27,6,1,7,0,6818,0
54046619,0,1,0,0,6,19,6.29,0,4,11,9,9830,0
56062191,0,1,0,0,13,87,14.46,0,2,11,7,9830,0
37390680,0,0,0,0,12,11,11.58,34,1,3,2,9830,0
37390680,0,0,0,0,12,11,11.58,34,1,8,3,9830,0
53474291,0,0,0,0,12,38,4.83,,5,205,42,10409,0
56496020,0,0,0,0,10,57,9.29,,1,47,0,10409,0
41616475,0,0,0,0,9,116,16.84,,6,43,0,10409,0
57992126,0,2,0,0,14,43,30.94,26,1,2,1,5613,0
31749478,0,0,0,0,13,37,9.05,19,2,148,40,8337,0
5746373,0,0,0,0,6,9,9.94,,4,8,5,25710,0
1606787,0,0,0,0,4,22,10.68,,1,4,0,25710,0
5300962,2,0,0,0,7,61,11.01,,2,8,1,25710,0
29438060,0,0,0,0,4,8,18.05,346,4,0,109,10451,0
35269232,1,0,0,0,12,23,10.51,301,2,5,0,10451,0
29054892,0,0,0,0,9,53,16.83,334,5,62,21,10451,0
37122617,0,0,0,0,11,4,39.15,247,3,34,10,10451,0
32438015,0,0,0,0,4,39,20.94,,12,99,167,10451,0
29212948,0,0,0,0,7,21,13.63,320,1,2,2,10451,0
27928490,0,0,0,0,2,11,6.3,250,18,33,31,10451,0
35002053,0,0,0,0,10,9,25.43,293,1,63,10,10451,0
38663472,0,0,0,0,8,6,90.35,259,17,447,207,10451,0
42488938,1,0,0,0,7,6,17.85,0,1,13,8,10451,0
32525227,0,0,0,0,16,23,3.75,,1,7,0,8206,0
42647481,0,0,0,0,9,58,46.6,0,2,5,1,8206,0
30812950,0,0,0,0,11,13,11.3,,1,5,0,8206,0
51100898,3,0,0,0,5,20,7.37,0,4,31,381,27481,0
30523865,1,0,0,0,4,7,20.66,0,2,22,9,26060,0
23668951,0,0,0,0,7,21,43.74,67,2,3,3,26060,0
47367983,1,0,0,1,9,5,56,6,1,3,0,64262,0
37770434,0,0,2,0,5,13,10.96,0,1,1,1,64262,0
21678767,0,0,0,0,6,45,9.65,,5,975,174,64262,0
66583235,1,0,0,0,4,7,9.06,0,56,351,252,64262,0
39613387,0,0,0,0,6,41,21.06,32,1,0,1,64262,0
34429208,1,1,0,0,8,50,25.59,538,1,2,2,25621,0
52605018,0,2,0,0,8,51,11.8,11,6,112,131,13456,0
24968945,,,,,,,,0,2,5,4,4571,0
25477172,,,,,,,,0,4,48,3,4571,0
38980084,0,1,0,0,9,46,5.94,211,1,4,0,1505,0
56335239,0,0,1,0,6,128,8.94,0,4,31,5,36831,0
52678929,0,1,0,0,11,4,26.1,351,2,2,1,1730,0
36391317,1,0,0,0,9,260,10.57,369,2,7,4,1730,0
53469257,2,0,0,0,6,184,10.1,346,2,1,27,1730,0
44707848,3,0,0,0,9,31,10.8,328,15,5,0,1730,0
19155978,0,0,0,0,3,76,16.5,0,4,5,5,7914,0
10230199,0,0,0,0,2,18,6.41,0,1,2,1,14910,0
21996394,1,1,0,0,7,0,-15.81,2,1,1,0,14910,0
15408310,1,0,0,0,3,33,12.82,0,45,811,8,14910,0
40101671,0,1,0,0,8,85,11.67,29,1,5,1,2996,0
47203619,0,0,0,0,3,41,10.46,0,1,2,1,16732,0
36871528,0,0,0,0,2,11,33.74,0,4,46,1,6763,0
23290161,0,0,0,0,3,11,32.69,59,3,56,3,3811,0
45689557,0,0,0,0,6,0,-15.81,6,1,1,1,10992,0
53839779,0,0,0,0,7,0,-15.81,19,9,75,22,10992,0
20847497,0,0,0,0,9,0,-15.81,0,1,8,1,10992,0
57687784,0,2,0,0,14,18,15.6,0,1,5,3,10992,0
22921370,1,1,0,0,10,38,6.8,8,1,3,1,10992,0
62272687,0,0,0,0,7,0,-15.81,3,1,15,0,10992,0
24890319,0,0,0,0,8,15,37.05,0,1,19,12,10992,0
44644217,0,0,0,0,4,8,4.31,4,1,2,2,10992,0
26479834,0,0,0,0,11,0,-15.81,0,1,23,0,10992,0
49750317,0,0,0,0,2,16,11.08,12,3,45,25,10992,0
36338472,0,0,0,0,5,5,3.8,51,1,13,11,10992,0
63391252,0,0,0,0,3,0,-15.81,35,1,33,8,10992,0
39057270,0,0,0,0,5,0,-15.81,6,3,13,13,10992,0
31628345,0,0,0,0,8,7,18.16,0,1,4,1,10992,0
36044138,0,1,0,0,5,15,6.08,2,1,15,1,10992,0
25940260,0,1,0,0,14,2,7.1,0,4,151,0,10992,0
45241913,0,2,0,0,7,15,9.21,58,1,20,4,10992,0
20821711,0,0,0,0,9,0,-15.81,0,2,22,2,10992,0
28469316,0,0,0,0,4,0,-15.81,54,3,10,2,10992,0
67472375,0,0,0,0,5,33,6.69,2,1,8,0,10992,0
54194628,0,0,0,0,12,0,-15.81,19,2,29,21,10992,0
15530622,0,0,0,0,6,17,13.11,87,1,43,4,10992,0
25918694,0,1,0,0,7,21,20.01,0,3,93,4,10992,0
16536756,0,0,0,0,1,31,12.89,58,2,58,56,10992,0
21729628,0,0,0,0,10,10,19.52,10,6,15,2,10992,0
27155263,0,0,0,0,10,24,5.23,59,1,105,25,10992,0
22459948,0,0,0,0,4,6,4.28,36,1,3,1,10992,0
47216947,0,0,0,0,6,0,-15.81,8,4,70,31,10992,0
34364690,0,0,0,0,8,0,-15.81,1,3,24,12,10992,0
29735835,0,1,0,0,5,141,23,0,1,2,0,10992,0
48855397,0,0,0,0,2,3,28.55,10,1,8,1,10992,0
18548024,0,0,0,0,7,3,13.12,,1,11,1,10992,0
15694120,1,0,0,0,6,44,6.14,5,1,2,4,10992,0
30809177,0,1,0,0,9,25,8.05,0,2,46,1,10992,0
36818805,0,0,0,0,7,2,12.9,2,1,5,1,10992,0
16664615,0,0,0,0,5,0,-15.81,0,2,131,96,10992,0
37484365,0,0,0,0,3,16,3.07,4,3,8,16,10992,0
22707583,0,1,0,0,8,10,10.24,0,2,47,17,10992,0
34340473,0,0,0,0,6,0,-15.81,1,1,23,7,10992,0
1212309,0,0,0,1,6,34,10.03,,1,1,1,4862,0
35759545,0,0,0,0,3,25,67.93,0,1,1,1,4445,0
31379486,0,0,0,1,8,20,9.4,0,2,2,1,4445,0
36727871,0,0,0,0,9,44,18.81,0,20,364,153,4445,0
28447815,0,0,0,0,5,48,16.38,0,2,12,29,4445,0
26966917,0,0,0,0,5,40,31.05,0,5,6,14,4445,0
40970460,0,0,0,0,9,42,10.29,0,5,51,23,4445,0
7708535,,,,,,,,0,1,1,0,37020,0
11031944,,,,,,,,15,2,12,2,37020,0
1799105,,,,,,,,,2,6,5,37020,0
713411,,,,,,,,,5,263,242,37020,0
12339425,0,0,0,0,5,35,6.15,345,3,2,6,6199,0
47227499,0,1,0,0,10,8,1.41,132,1,25,0,6199,0
36021470,,,,,,,,29,15,678,809,7148,0
3157713,1,0,0,0,20,185,10.87,,1,1,0,8119,0
66401783,0,2,0,1,6,4,15.95,13,1,17,0,2969,0
16105817,0,0,0,0,5,49,13.77,0,1,0,1,44138,0
21766541,0,1,0,0,10,54,10.22,0,5,133,23,44138,0
28222835,0,2,0,0,7,25,9,0,5,105,52,44138,0
21147522,0,0,0,0,9,39,20.2,0,2,26,27,44138,0
32311627,0,0,0,0,5,35,19.62,,2,6,1,44138,0
67311348,0,2,0,0,5,174,13.25,84,1,2,2,1421,0
66076000,0,3,3,0,6,46,17.82,0,1,6,2,9830,0
69967995,0,1,2,0,11,23,22.86,0,5,528,281,9830,0
59041612,1,0,0,1,7,20,16.94,0,51,410,880,9830,0
65113174,1,0,0,0,7,20,12.3,0,20,19,19,9830,0
62101900,1,6,0,0,10,114,14.81,,1,4,0,9830,0
58548593,0,0,0,0,15,82,11.4,0,3,39,21,10409,0
53670842,0,0,0,0,11,91,11.8,,3,35,35,10409,0
55446593,1,0,0,0,8,50,10.17,,2,20,4,10409,0
52573071,1,0,0,0,13,21,8.41,,6,94,24,10409,0
22629045,0,0,0,0,4,48,15.08,32,3,14,4,8337,0
5191924,0,0,0,0,3,17,25.05,,1,1,0,2593,0
1311872,0,0,0,0,7,64,12.83,,2,3,2,25710,0
1311872,0,0,0,0,7,64,12.83,,4,4,3,25710,0
5874724,0,0,0,0,7,0,-15.81,,1,1,1,25710,0
37139673,1,0,0,0,7,117,15.62,0,1,1,0,25710,0
2013208,0,1,0,0,5,80,8.42,,1,6,1,25710,0
6733241,1,0,0,0,11,29,13.94,,3,12,5,25710,0
2540093,0,1,1,0,5,46,22.73,,2,9,5,25710,0
5283285,0,0,0,0,13,257,13.92,,1,6,1,25710,0
2059604,0,0,1,0,9,32,26.68,,2,16,7,25710,0
5201270,0,0,0,0,7,127,10.35,,3,12,1,25710,0
12278788,0,0,0,0,6,1,-22.21,0,1,1,1,25710,0
26893395,,,,,,,,542,1,1,0,3409,0
61374921,,,,,,,,0,1,10,0,3409,0
53464796,,,,,,,,0,1,4,0,3409,0
33832851,0,2,0,0,8,22,13.29,283,6,87,10,10451,0
28732273,0,0,0,0,10,16,21.57,288,4,82,2,10451,0
41646064,0,1,0,0,9,63,17.13,288,1,8,8,10451,0
29438076,0,0,0,0,7,19,13.58,346,4,0,109,10451,0
29122952,0,0,0,0,13,55,14.1,384,1,2,2,10451,0
31320261,1,0,0,0,6,0,-15.81,0,1,0,5,8206,0
33428316,0,0,0,0,7,17,14.4,299,4,4,1,8206,0
20560361,1,0,0,0,12,35,9.99,49,2,2,0,26060,0
5633223,0,3,0,0,8,163,9.64,,1,17,0,12460,0
20824680,0,1,0,0,13,51,13.07,0,1,5,4,64262,0
23783524,0,3,0,0,9,28,22.8,0,1,5,0,64262,0
61123985,0,1,0,0,7,208,13.59,105,1,6,20,64262,0
27686283,0,1,0,0,8,57,12.17,35,1,10,8,64262,0
23691650,0,0,0,0,6,3,131.03,0,1,31,0,9058,0
63398174,0,3,0,0,6,111,13.08,45,4,19,5,8685,0
39659089,0,0,0,0,6,6,7.18,211,5,6,52,1505,0
43225750,1,2,0,0,3,84,10.93,0,6,78,22,12631,0
59609416,1,3,0,0,10,45,21.53,0,3,45,7,12631,0
38449644,0,1,1,0,3,32,8,6,2,29,3,36831,0
45873747,0,1,0,0,13,139,12.31,0,4,134,7,36831,0
43497036,0,0,0,0,4,24,15.15,593,1,1,1,1730,0
58079405,1,0,0,0,11,182,7.61,393,4,11,1,1730,0
61477581,0,0,0,0,9,50,9.48,293,1,1,1,1730,0
18824241,0,0,0,0,7,37,11.67,192,9,104,21,7914,0
26908680,0,0,0,0,9,114,16.15,0,3,37,2,7914,0
13647653,0,0,0,0,8,51,14.75,0,2,16,5,7914,0
19812338,0,1,0,0,10,30,6.92,2,1,1,1,7914,0
12811559,0,0,0,0,7,67,9.77,0,3,17,19,14910,0
36354841,1,0,0,0,8,11,11.58,40,1,4,4,14910,0
29885759,0,0,0,0,11,54,7.61,38,8,108,34,6763,0
62018237,0,0,0,0,4,17,20.65,28,1,101,0,12790,0
23004836,0,2,0,0,7,36,14.4,58,2,47,23,3811,0
10768188,0,0,0,0,10,0,-15.81,0,1,9,0,10992,0
67823929,0,1,0,0,4,0,-15.81,2,2,13,1,10992,0
26064743,0,0,0,0,4,0,-15.81,0,1,11,3,10992,0
27453029,0,0,0,0,5,7,8.24,3,1,14,0,10992,0
42864710,0,0,0,0,5,11,11.58,0,27,60,60,10992,0
43551829,0,0,0,0,5,50,19.08,0,1,2,0,10992,0
63579307,0,0,0,0,5,10,3.28,3,1,13,2,10992,0
50003773,0,1,0,0,4,37,12.49,13,1,49,1,10992,0
54997355,0,1,0,0,5,17,34.28,0,2,9,5,10992,0
42203612,0,0,0,0,3,16,9.63,5,2,21,7,10992,0
33244252,0,0,0,0,3,16,10.32,2,1,24,1,10992,0
18759144,0,1,0,0,4,40,11.33,11,2,11,3,10992,0
21437432,0,1,0,0,5,0,-15.81,10,1,10,2,10992,0
35294302,0,2,0,0,6,19,15.66,50,1,7,2,10992,0
17383557,0,0,0,0,7,5,-3.17,58,2,21,6,10992,0
21977979,0,0,0,0,7,13,17.1,46,,,,10992,0
22899884,0,1,0,0,7,2,163.7,7,1,8,2,10992,0
43688889,0,0,0,0,8,129,11.4,0,4,1515,1171,10992,0
44447341,0,0,0,0,13,66,8.54,60,4,1515,1171,10992,0
38790491,0,0,0,0,9,0,-15.81,5,4,25,0,10992,0
58871137,0,1,0,0,3,0,-15.81,0,1,3,1,10992,0
10947657,0,0,0,0,5,16,10.32,47,11,119,50,10992,0
50248266,0,0,0,0,9,2,44.8,0,1,1,0,10992,0
45646897,0,1,0,0,5,9,5.42,6,1,4,4,10992,0
31961385,0,0,0,0,15,0,-15.81,1,1,9,6,10992,0
36227290,0,0,0,0,5,15,6.89,2,1,16,3,10992,0
16609211,0,0,0,0,3,14,11.94,0,5,47,4,10992,0
20875650,0,0,0,0,6,43,10.98,10,1,9,6,10992,0
43871325,0,0,0,0,7,43,7.1,0,3,593,13,10992,0
45427621,0,1,0,0,3,61,12.03,12,2,12,6,10992,0
39897578,0,0,0,0,4,0,-15.81,76,2,9,5,10992,0
45422986,0,0,0,0,4,20,9.69,5,47,54,359,10992,0
31481684,0,2,0,0,4,81,145.95,0,2,3,3,10992,0
31584809,0,0,0,0,5,0,-15.81,0,2,8,8,10992,0
52323708,0,0,0,0,2,29,5.33,0,2,32,31,10992,0
42892255,0,0,0,0,7,18,8.18,4,1,70,5,10992,0
35958883,0,0,0,0,2,14,11.94,2,2,2,2,10992,0
62941249,0,0,0,0,3,30,8.63,3,2,8,2,10992,0
23146634,0,1,0,0,9,51,7.03,6,1,2,4,10992,0
33276996,0,1,0,0,5,2,94.1,1,1,72,0,10992,0
2028639,0,0,0,0,11,14,30.62,,1,1,1,4862,0
2574942,0,1,0,0,8,122,25.02,,2,26,5,4862,0
3276770,0,0,0,0,3,19,49.59,,4,6,6,4862,0
295996,0,0,0,0,4,44,5.21,,3,70,3,4862,0
31660868,0,0,0,0,6,39,10.08,0,1,1,0,4445,0
27611523,0,0,0,0,6,51,16.96,0,1,1,0,4445,0
44368356,1,0,0,0,9,41,7.49,0,2,2,1,4445,0
43877259,0,0,0,0,4,29,10.41,0,3,4,3,4445,0
43877259,0,0,0,0,4,29,10.41,0,4,11,4,4445,0
11400108,0,1,0,0,9,96,142.47,25,5,13,4,6506,0
5064379,0,0,0,0,7,38,17.94,,1,1,0,3789,0
3304582,0,1,0,0,4,42,19.54,,1,3,2,44087,0
6459115,0,0,0,0,5,49,19.02,19,1,1,1,1518,0
3335411,0,0,0,0,5,7,125.06,,1,1,1,2687,0
6257363,,,,,,,,,2,0,182,37020,0
10042039,,,,,,,,25,1,11,2,37020,0
1638261,,,,,,,,,3,19,5,37020,0
7373732,,,,,,,,7,2,8,4,37020,0
1158909,,,,,,,,0,1,23,0,37020,0
17902995,,,,,,,,141,2,2458,2437,37020,0
2197699,,,,,,,,,1,1,1,37020,0
8718728,0,1,0,0,4,8,66.66,296,3,9,2,6199,0
33417935,0,2,0,0,6,37,11.76,246,2,4,2,6199,0
11944471,0,3,0,0,8,13,13.96,248,5,55,24,6199,0
61340960,7,0,0,0,10,197,12.02,0,,,,3848,0
38709156,0,1,0,0,10,56,17,6,15,218,120,80973,0
29890596,1,0,0,0,4,55,7.37,5,1,1,1,80973,0
16668804,0,0,0,0,7,57,7.95,8,4,8,2,80973,0
34790878,0,0,0,0,7,16,14.67,25,2,31,6,80973,0
16428282,0,0,0,0,13,87,8.66,0,13,549,63,44138,0
22483047,0,2,0,0,9,133,14.41,0,1,28,5,44138,0
16376341,0,0,0,0,5,14,8.63,,4,192,52,44138,0
44977388,0,2,0,0,6,183,14.1,0,3,74,21,17330,0
18634779,0,0,0,0,13,109,10.24,3060,1,19,9,34462,0
19378008,0,0,0,0,7,141,11.79,3142,2,28,3,34462,0
54046619,0,1,0,0,6,19,6.29,0,8,58,58,9830,0
58668697,0,2,4,1,18,138,11.38,0,2,42,1,9830,0
46336620,0,0,0,0,8,104,14.16,0,3,69,10,9830,0
41386265,1,1,0,0,6,0,-15.81,23,9,543,178,9830,0
55430939,1,0,0,0,7,25,8.77,,1,1,1,10409,0
54091504,0,1,0,0,6,84,13.12,,3,66,4,10409,0
57525776,0,0,0,0,8,34,8,,2,11,2,10409,0
57270378,0,0,0,0,10,77,8.08,,1,11,1,10409,0
22269878,0,1,0,0,1,28,30.87,0,2,16,1,7476,0
41669350,0,0,0,0,9,46,10.46,22,4,39,31,8337,0
41664103,3,0,0,0,2,29,13.3,22,2,33,16,8337,0
41652227,1,0,0,0,5,0,-15.81,22,1,20,13,8337,0
12400372,2,0,0,0,9,0,-15.81,0,3,27,31,25710,0
4940144,0,0,0,0,12,29,11.09,,1,6,22,25710,0
5851006,0,0,0,0,6,35,12.31,,1,9,0,25710,0
1549218,0,0,0,0,10,47,14.27,,2,17,3,25710,0
2957020,0,0,0,0,8,13,14.56,,2,3,13,25710,0
30078631,0,0,0,0,6,13,39.37,0,1,2,2,25710,0
2970989,0,0,0,0,7,7,32.26,,2,3,2,25710,0
1474777,0,0,1,0,13,26,11.53,,1,15,0,25710,0
2488170,0,0,0,0,5,185,8.9,,3,22,24,25710,0
1753313,0,0,1,0,6,48,16.09,,2,6,1,25710,0
2165753,0,0,0,0,4,20,11.11,,4,59,44,25710,0
3372820,0,0,0,0,9,54,12.25,,1,17,17,25710,0
1629891,0,0,0,0,8,35,17.76,,1,9,8,25710,0
3067970,0,0,0,0,4,153,9.53,,3,20,19,25710,0
3379620,0,0,0,0,5,56,10,,1,4,5,25710,0
3052325,0,0,0,0,7,67,18.01,,2,5,3,25710,0
26893395,,,,,,,,542,10,176,18,3409,0
28527985,0,0,0,0,2,6,-2.46,271,3,215,180,10451,0
28980222,0,0,0,0,5,14,16.12,300,2,0,136,10451,0
53230307,0,0,0,0,6,68,15.73,0,1,6,5,10451,0
31521265,0,0,0,0,16,5,25.84,252,4,28,1,8206,0
29600029,0,0,0,0,5,14,8.63,210,7,52,8,8206,0
26860713,0,1,0,0,6,41,7.49,266,1,6,2,8206,0
44344641,0,0,0,0,7,283,11.69,77,1,17,12,3614,0
9563901,0,0,0,0,9,75,15.56,0,3,13,9,12460,0
18842763,1,0,0,0,4,26,27.36,53,1,4,1,12460,0
8670389,0,0,0,0,13,87,10.1,0,2,67,9,136126,0
5224085,0,1,0,0,13,16,18.05,,2,54,0,136126,0
37871256,1,0,0,0,9,30,6.49,0,2,47,0,64262,0
37956419,0,1,0,0,5,23,13.52,0,1,6,2,64262,0
37382675,0,0,0,0,10,72,12.14,0,1,8,1,64262,0
22748437,1,0,0,0,6,47,13.36,80,1,4,0,64262,0
42465629,1,0,0,0,8,111,9.05,27,3,8,1,1505,0
43181462,1,0,0,0,2,0,-15.81,7,1,3,2,1505,0
43856500,1,0,0,0,8,124,10.17,576,2,7,4,1730,0
48002975,1,0,0,0,6,59,7.78,302,2,4,3,1730,0
53467563,0,0,0,0,7,294,6.74,346,3,294,2,1730,0
47637594,0,0,0,0,5,129,11.08,321,1,1,0,1730,0
13527697,0,0,0,0,8,168,10.17,0,2,3,3,7914,0
25692666,0,0,0,0,5,39,10.4,0,1,1,1,7914,0
21585709,1,2,0,0,2,7,4.94,2,5,226,0,14910,0
45376610,1,0,0,0,9,0,-15.81,0,1,1,1,14910,0
27115245,0,1,0,0,6,29,8.14,0,3,57,4,14910,0
26093784,0,0,0,0,6,50,8.87,0,4,30,15,14910,0
14306366,1,1,0,0,8,26,38.81,0,5,290,0,14910,0
32693311,0,1,0,0,5,19,10.5,0,2,33,15,6763,0
32429701,0,2,0,0,7,16,14.67,,2,73,30,6763,0
23479654,0,0,0,0,8,18,5.97,0,1,188,199,3811,0
23413470,0,0,0,0,10,16,17.22,64,2,16,4,3811,0
16942630,0,0,0,0,11,4,7.25,52,1,3,1,10992,0
20928291,0,0,0,0,12,0,-15.81,33,1,2,0,10992,0
22816955,0,1,0,0,4,0,-15.81,49,1,2,0,10992,0
41489104,0,0,0,0,7,38,3.9,5,2,12,1,10992,0
49554102,0,0,0,0,5,52,10.67,0,1,9,9,10992,0
14834941,0,1,0,0,4,1,12.6,4,1,7,7,10992,0
43771566,0,1,0,0,4,0,-15.81,5,1,26,17,10992,0
36330443,1,0,0,0,7,0,-15.81,51,1,17,11,10992,0
16730179,0,1,0,0,6,0,-15.81,8,1,28,17,10992,0
41210194,0,1,0,0,7,23,3.46,5,1,12,0,10992,0
8425571,0,0,0,0,17,26,8.25,56,1,17,5,10992,0
18504660,0,2,0,0,6,32,13.4,64,1,69,1,10992,0
48441968,0,0,0,0,3,6,-0.54,9,1,41,28,10992,0
20872085,0,0,0,0,9,25,12.71,10,1,5,5,10992,0
21455092,0,0,0,0,4,5,7.28,0,2,17,20,10992,0
21461939,0,1,0,0,3,0,-15.81,10,1,11,8,10992,0
26890712,0,0,0,0,4,0,-15.81,0,3,14,3,10992,0
19595251,0,0,0,0,10,11,6.82,11,1,6,1,10992,0
24180097,0,1,0,0,7,8,15.91,7,1,4,3,10992,0
34509867,0,2,0,0,5,11,15.81,1,1,26,15,10992,0
50134593,0,0,0,0,5,23,9.23,13,4,163,84,10992,0
25679605,0,1,0,0,4,8,7.21,0,2,9,3,10992,0
45639794,0,0,0,0,6,6,11.07,59,3,1,5,10992,0
32316792,0,1,0,0,7,0,-15.81,,2,14,4,10992,0
29542024,0,0,0,0,11,56,8.66,0,,,,10992,0
9831988,0,1,0,0,8,17,26.45,0,3,149,149,10992,0
18987167,0,1,0,0,7,27,22.32,11,1,10,8,10992,0
47174720,0,2,0,0,7,64,13.05,74,1,5,1,10992,0
26866735,0,2,0,2,6,19,21.46,0,2,4,1,10992,0
31553913,0,1,0,0,3,0,-15.81,1,4,65,32,10992,0
36708913,0,0,0,0,8,0,-15.81,2,3,38,6,10992,0
22608225,0,0,0,0,3,4,10.15,0,1,2,1,10992,0
14840988,0,0,0,0,7,7,23.15,4,1,5,0,10992,0
32309351,0,1,0,0,7,163,7.07,1,1,12,3,10992,0
37170050,0,1,0,0,7,103,14.39,4,,,,10992,0
19758604,0,0,0,0,8,0,-15.81,54,1,4,0,10992,0
35711202,0,0,0,0,8,34,11.42,2,2,22,0,10992,0
10857020,0,0,0,0,13,12,6.95,0,2,20,14,10992,0
36295441,0,0,0,0,4,12,12.28,51,1,3,0,10992,0
16697151,0,0,0,0,8,0,-15.81,55,3,28,2,10992,0
29691382,0,0,0,0,7,4,13.05,0,1,17,10,10992,0
39328482,0,0,0,0,2,0,-15.81,57,34,274,274,10992,0
16558445,0,0,0,0,10,26,6.52,16,1,1,4,10992,0
41896765,0,0,0,0,5,0,-15.81,8,3,55,15,10992,0
18514633,0,1,0,0,7,0,-15.81,5,1,4,4,10992,0
9743396,0,0,0,0,12,21,3.72,,2,4,1,10992,0
37843289,0,1,0,0,4,9,49.91,5,1,13,5,10992,0
67977444,0,0,0,0,7,8,2.1,2,2,12,2,10992,0
29411169,0,1,0,0,4,32,9.93,0,1,35,22,10992,0
3362780,0,0,0,0,6,24,7.9,,2,2,1,4862,0
1161040,0,3,0,0,10,26,23.85,,7,13,10,4862,0
2007456,1,0,0,0,10,4,73.95,,6,370,15,4862,0
338291,1,1,0,0,6,17,15.54,,5,99,0,4862,0
33626629,0,0,0,0,6,41,17.54,0,2,3,0,4445,0
45364529,0,0,0,0,7,69,10.99,0,2,9,2,4445,0
53350684,0,0,0,0,5,110,14.7,0,4,8,1,4445,0
53234670,1,0,0,0,3,12,5.5,0,1,1,1,4445,0
52555337,2,0,0,1,8,17,10.73,0,2,14,0,4445,0
28325326,0,0,0,1,11,53,20.02,0,4,6,33,4445,0
53234939,1,0,0,0,4,15,6.28,0,2,2,1,4445,0
9846786,1,0,0,0,6,45,7.45,0,1,231,232,5082,0
36737441,1,0,10,0,10,94,18.34,60,22,288,169,4987,0
47136,0,0,0,0,10,62,14.2,,1,9,2,4231,0
6937490,0,3,0,0,8,57,10.69,19,1,1,0,1518,0
19184594,,,,,,,,23,1,1,0,37020,0
7410897,,,,,,,,,1,5,0,37020,0
11301913,,,,,,,,31,1,9,0,37020,0
1846097,,,,,,,,,1,12,12,37020,0
11945003,0,2,0,0,6,29,9.12,0,4,79,4,6199,0
12620631,0,0,0,0,6,0,-15.81,97,1,69,0,6199,0
23128670,0,1,0,0,10,25,4.82,65,2,72,75,6199,0
14762814,0,0,0,0,7,9,11.22,0,1,1,0,8223,0
11443187,,,,,,,,0,2,50,2,7148,0
6791120,0,0,0,0,5,25,40.99,,1,1,1,8119,0
25634785,0,1,0,0,4,10,18.36,,,,,6232,0
19922873,0,0,0,0,7,98,10.06,24,1,12,5,80973,0
56728048,2,0,0,0,7,138,22.01,36,1,1,0,80973,0
21362088,0,2,0,0,6,11,12.62,0,2,23,1,44138,0
16428282,0,0,0,0,13,87,8.66,0,20,831,209,44138,0
47225456,0,5,1,1,4,115,13.94,0,8,245,28,44138,0
23397030,0,4,0,0,11,42,15.8,0,2,21,1,44138,0
17618219,0,1,0,0,7,4,4.35,188,1,8,1,4725,0
59766683,0,1,0,1,6,34,22.06,,3,19,2,9830,0
58837822,0,0,0,0,7,58,20.21,0,1,11,11,10409,0
44652799,0,0,0,0,8,31,5.76,,,,,10409,0
65230367,0,0,0,0,5,39,18.11,146,8,80,39,10409,0
58760990,0,1,0,0,7,149,10.11,232,2,46,3,10409,0
42583067,1,0,0,0,12,142,12.54,,2,27,2,10409,0
10233224,0,0,0,0,5,25,27.33,26,1,1,1,2593,0
6317349,0,0,0,0,6,25,7.14,,5,48,104,25710,0
1623501,0,0,0,0,5,30,21.01,,1,18,3,25710,0
6157488,0,1,0,0,2,76,13.93,,1,1,9,25710,0
1353687,0,0,1,0,6,37,17.01,,4,9,5,25710,0
12490848,2,0,0,0,14,161,12.54,0,1,7,4,25710,0
5452541,0,0,0,0,9,103,11.21,,1,2,8,25710,0
5859255,0,0,0,0,4,3,7.32,,1,1,1,25710,0
2883964,0,0,0,0,9,41,10.93,,2,4,3,25710,0
2296560,0,0,1,0,8,133,21.08,,2,11,4,25710,0
17790010,0,3,0,0,7,86,10.64,0,3,58,2,15566,0
60243622,,,,,,,,151,2,9,6,3409,0
44176217,,,,,,,,161,2,1,1,3409,0
42902130,0,2,0,0,13,27,12.32,280,6,156,15,10451,0
38771079,0,0,0,0,4,6,38.15,259,3,33,3,10451,0
34737912,0,0,0,0,8,49,20.18,282,1,0,1,10451,0
38968016,0,0,0,0,8,163,17.43,262,7,30,67,10451,0
33877783,1,0,0,0,5,48,9.46,282,1,3,3,10451,0
34798175,0,2,0,0,4,78,12.85,282,1,1,1,10451,0
46427525,2,0,0,0,12,300,12.43,209,4,16,14,8206,0
34058145,0,0,0,0,11,36,9.51,0,5,46,9,8206,0
38335116,0,0,0,0,6,29,29.34,72,4,13,19,8206,0
21965420,0,0,0,0,8,82,23.67,0,1,4,4,5977,0
46330250,1,0,0,0,3,6,52.65,3,1,22,0,64262,0
56443480,0,0,2,0,7,30,12.69,0,1,3,0,64262,0
26875669,0,2,0,0,9,101,43.98,37,2,33,2,64262,0
25356425,0,4,0,0,7,96,12.37,,1,3,0,64262,0
49146877,0,0,0,0,5,59,12.43,10,2,3,2,13456,0
14931524,,,,,,,,7,8,165,3,4571,0
46232219,0,0,0,0,5,54,12.36,708,2,19,5,14552,0
39659072,0,1,0,0,9,20,11.72,211,5,71,58,1505,0
46627702,1,0,0,0,11,64,11.68,0,5,83,4,12631,0
51558547,2,2,3,0,10,148,11.56,68,5,42,5,36831,0
26366129,0,0,0,0,8,23,5.26,798,3,72,22,1730,0
52020019,0,0,0,0,5,20,11.72,321,2,2,1,1730,0
39036842,0,0,0,0,9,78,17.02,550,2,2,0,1730,0
52019705,1,0,0,0,2,15,6.08,321,2,11,6,1730,0
23046948,2,0,0,0,12,56,20.83,815,5,38,15,1730,0
49172685,0,0,0,0,6,54,9.64,282,5,44,6,1730,0
54508936,0,0,0,0,4,36,7.93,373,3,7,2,1730,0
26577314,0,0,0,0,9,35,11.95,0,3,30,7,7914,0
16575657,0,1,0,0,6,42,7.31,0,4,52,5,14910,0
27349846,0,0,0,0,6,53,17.22,,3,45,1,14910,0
27634099,1,0,0,0,7,94,8.02,0,3,27,3,14910,0
16944228,0,1,0,0,6,27,10.9,0,4,24,24,14910,0
9064949,0,0,0,0,2,27,9.21,0,6,8,0,14910,0
39506604,1,0,0,0,3,66,4.18,31,1,41,4,2996,0
21561975,0,0,0,0,14,0,-15.81,0,4,134,8,3811,0
24466762,0,0,0,0,6,0,-15.81,61,1,12,0,3811,0
35122073,0,0,0,0,8,8,4.31,49,1,5,0,10992,0
45030103,0,0,0,0,6,0,-15.81,5,1,1,1,10992,0
32200600,0,0,0,0,8,17,7.65,0,,,,10992,0
6892395,0,1,0,0,6,0,-15.81,225,2,39,13,10992,0
6726544,0,2,0,0,5,16,7.07,4,2,2,1,10992,0
63137135,0,0,0,0,6,5,46.72,3,4,49,39,10992,0
23759501,0,1,0,0,9,11,6.3,32,3,12,9,10992,0
46328836,0,0,0,0,8,18,2.38,12,3,56,11,10992,0
24889045,0,0,0,0,4,6,142.55,0,2,52,4,10992,0
49729404,0,0,0,0,3,4,17.4,12,1,19,2,10992,0
17429920,0,1,0,0,4,43,6.02,58,2,15,4,10992,0
36408614,1,2,0,0,3,8,15.91,53,1,6,0,10992,0
13381778,0,0,0,0,7,44,19.22,122,,,,10992,0
28999683,0,0,0,0,2,27,12.42,0,1,86,28,10992,0
29860189,0,0,0,0,9,60,16.09,0,1,19,2,10992,0
45298315,1,0,0,0,7,0,-15.81,5,1,3,0,10992,0
45641295,0,1,0,0,6,0,-15.81,59,3,111,58,10992,0
13086961,0,0,0,0,10,75,11.32,0,4,47,1,10992,0
28607210,0,0,0,0,5,19,5.63,0,1,169,129,10992,0
43227819,0,1,0,0,7,16,11.56,3,1,7,3,10992,0
37198786,0,1,0,0,4,12,23.42,4,1,25,3,10992,0
39420740,0,0,0,0,11,10,8.5,5,1,49,0,10992,0
36499531,0,1,0,0,5,8,56.51,2,1,79,69,10992,0
8543508,0,1,0,0,5,0,-15.81,129,1,57,13,10992,0
18987167,0,1,0,0,7,27,22.32,11,1,1,1,10992,0
61315772,0,0,0,0,3,47,4.6,6,1,8,1,10992,0
29090193,0,2,0,0,5,30,7.67,3,1,28,12,10992,0
38716432,0,0,0,0,10,0,-15.81,5,4,94,61,10992,0
67726912,0,0,0,0,10,13,10.83,2,2,27,3,10992,0
17880758,0,0,0,0,9,9,9.94,11,1,7,0,10992,0
61711299,0,0,0,0,4,0,-15.81,5,4,54,25,10992,0
28002497,0,0,0,0,4,34,13.36,53,2,9,5,10992,0
38819642,0,0,0,0,9,19,10.21,5,5,63,34,10992,0
29747415,1,0,0,0,5,17,17.92,5,1,27,4,10992,0
65460949,0,0,0,0,5,27,9.23,,7,69,60,10992,0
65689416,0,1,0,0,5,37,9.01,,1,4,0,10992,0
38681990,0,0,0,0,5,3,-2.38,5,13,394,374,10992,0
153063,0,4,0,1,10,108,88.13,,1,26,18,21632,0
155992,0,2,0,0,10,38,11.85,,1,8,0,21632,0
158391,0,1,0,0,8,86,11.4,,1,6,0,21632,0
46515144,1,0,0,0,8,0,-15.81,0,2,2,1,4445,0
53107591,1,0,0,0,5,36,11.33,9,1,2,2,4445,0
34239583,0,2,0,0,2,26,14.45,0,2,14,40,4445,0
46906442,1,0,0,0,3,27,9.85,0,8,17,103,4445,0
22589693,,,,,,,,0,1,1,1,18193,0
47140,0,0,0,0,7,61,10.69,,10,271,55,4231,0
6790301,0,0,0,0,11,21,9.23,19,2,2,1,1518,0
6683304,0,0,0,0,6,62,10.15,,2,52,9,1390,0
13631362,0,0,0,0,7,37,9.35,572,2,32,5,8911,0
2159111,0,1,0,0,6,45,9.53,,2,6,4,8911,0
16110075,0,0,0,0,6,8,7.9,20,2,18,1,37020,0
8386441,,,,,,,,12,1,1,1,37020,0
9988525,,,,,,,,25,37,361,350,37020,0
11826678,,,,,,,,31,1,13,8,37020,0
33452350,0,2,0,0,3,10,5.02,247,2,9,11,6199,0
16508325,0,0,0,0,5,65,16.61,35,3,33,1,4506,0
19056717,0,0,0,0,5,43,23.51,37,3,161,88,4506,0
69337060,0,1,1,1,5,58,20.38,17,2,47,1,2969,0
46124860,0,2,0,0,7,56,27.15,32,1,8,1,80973,0
26235025,0,0,0,0,4,18,13.34,14,3,8,1,80973,0
17800550,1,5,0,0,5,11,11.58,0,2,20,0,44138,0
26026267,0,1,0,0,8,50,8.43,0,7,84,28,44138,0
16835158,0,2,0,0,6,40,15.2,0,3,24,1,44138,0
17824503,0,0,0,0,6,19,21.83,188,1,5,2,4725,0
21798096,0,1,0,0,8,28,65.18,0,3,20,8,34462,0
18887917,0,1,0,0,5,88,11.63,3060,1,3,0,34462,0
60770039,0,0,0,0,4,14,57.12,0,1,1,1,9830,0
39457373,0,0,0,0,8,54,14.28,37,1,9,5,9830,0
59689785,0,7,3,0,6,122,19.51,0,4,7,7,9830,0
22069426,0,0,0,0,3,22,10.25,,11,261,1,10409,0
67054448,0,0,0,0,6,126,11.98,0,1,2,5,10409,0
41671326,0,0,0,0,7,88,16.33,22,4,8,8,8337,0
10165743,0,0,0,0,14,61,15.57,18,1,0,2,2593,0
3116439,0,0,0,0,5,49,21.01,,1,2,2,25710,0
3048169,0,0,0,0,4,38,16.72,,2,20,1,25710,0
7858493,0,0,1,0,12,82,12.84,0,1,4,1,25710,0
3094488,0,0,0,0,8,93,15.4,,2,14,8,25710,0
1608011,0,1,0,0,6,31,6.96,,2,11,0,25710,0
3093077,0,0,0,0,13,18,10.44,,1,2,2,25710,0
5764395,0,0,0,0,7,12,24.87,,1,2,1,25710,0
6141548,0,0,0,0,12,57,12.25,,1,0,3,25710,0
2077161,0,0,0,0,8,41,8.07,,3,13,21,25710,0
8347460,2,2,0,0,5,21,17.23,0,2,8,4,25710,0
8401376,0,0,0,0,11,116,11.27,0,1,8,2,25710,0
14726707,0,0,0,0,4,140,11.45,0,1,20,4,25710,0
3087392,0,0,0,0,5,4,4.35,,1,1,1,25710,0
2883964,0,0,0,0,9,41,10.93,,1,36,36,25710,0
5416363,0,0,0,0,6,68,9.29,,1,4,0,25710,0
1960977,0,2,0,0,12,69,13.87,,1,1,1,25710,0
6063185,0,0,1,0,10,120,11.27,,2,7,6,25710,0
3364533,0,0,0,0,2,55,16.13,,2,93,36,25710,0
1977768,0,1,0,0,3,60,6.92,,2,1,1,25710,0
23186622,0,2,0,0,4,85,10.06,0,2,2,2,19862,0
61785556,,,,,,,,161,1,5,3,3409,0
26893395,,,,,,,,542,1,5,0,3409,0
59196030,,,,,,,,142,1,2,1,3409,0
32458600,,,,,,,,,2,10,2,3409,0
43106008,1,0,0,0,8,45,15.45,282,4,168,19,10451,0
48817534,0,0,1,0,7,37,37.3,223,3,45,53,10451,0
28478335,0,0,0,0,11,5,91.96,274,3,322,61,10451,0
43723919,2,2,0,0,6,56,12.65,265,2,46,4,10451,0
38521156,0,0,0,0,12,34,15.21,250,1,9,0,10451,0
26006016,2,0,0,0,12,11,28.46,,5,143,42,10451,0
26988613,0,0,0,0,2,13,8.3,274,1,1,1,10451,0
29941307,0,0,0,0,4,0,-15.81,210,2,3,2,8206,0
30701070,0,0,0,0,5,0,-15.81,0,2,18,3,8206,0
29357371,0,0,0,0,8,87,7.85,0,1,21,0,8206,0
2967615,0,0,0,0,6,78,15.51,0,2,2,3,26060,0
33841516,2,0,0,0,10,268,12.56,0,1,1,0,136126,0
8470326,0,0,0,0,5,18,8.32,0,2,47,4,136126,0
67627791,0,1,0,0,8,52,12.26,81,5,275,45,64262,0
28799847,0,4,0,0,8,28,18.86,36,5,39,20,64262,0
61123985,0,1,0,0,7,208,13.59,105,1,6,19,64262,0
27872432,0,1,0,0,6,24,16.17,194,1,8,0,64262,0
22231016,0,1,0,0,9,23,12.02,0,2,97,5,64262,0
24324655,,,,,,,,386,4,98,13,4571,0
21863726,,,,,,,,7,3,58,0,4571,0
61474810,0,0,0,0,6,42,9.3,0,37,394,148,17649,0
39659071,0,2,0,0,6,11,9.49,211,1,5,1,1505,0
38576808,0,3,1,0,7,78,17.31,7,3,11,0,36831,0
56276140,0,0,0,0,4,76,9.48,390,2,21,12,1730,0
70362821,1,0,0,0,5,15,12.83,168,1,6,3,1730,0
49314700,0,0,0,0,6,0,-15.81,280,2,11,10,1730,0
25591022,1,0,0,0,7,11,12.1,740,2,5,0,1730,0
20820606,0,0,0,0,10,82,9.59,0,1,3,3,7914,0
40440130,0,0,0,0,11,47,12.61,0,3,118,13,7914,0
53166391,0,0,0,0,4,39,12.01,0,1,0,6,7914,0
21407218,1,4,0,0,4,60,17.93,0,5,172,0,14910,0
25061783,2,3,0,0,7,24,23.38,0,3,224,11,14910,0
25127857,0,0,0,0,4,63,22.39,0,1,1,1,14910,0
14801793,1,3,0,0,8,32,21.94,0,3,52,13,14910,0
32865058,0,0,0,0,5,19,11.43,1,1,1,1,2996,0
31668994,0,1,0,0,4,24,10.1,0,3,20,2,6763,0
27972732,0,0,0,0,3,85,9.06,37,5,24,1,3811,0
32193767,0,0,0,0,7,6,46.85,,3,11,0,3811,0
21129483,0,0,0,0,6,0,-15.81,10,3,74,0,10992,1
29101275,0,0,0,0,4,14,14.84,0,3,22,13,10992,1
19735694,0,0,0,0,3,15,8.95,0,,,,10992,1
42537755,0,1,0,0,11,10,11.4,0,1,2,1,10992,1
18246969,0,0,0,0,8,3,55.63,43,1,6,6,10992,1
50425015,0,0,0,0,7,6,7.18,0,1,55,1,10992,1
55741221,0,0,0,0,3,14,6.55,18,1,9,1,10992,1
38209310,0,0,0,0,8,0,-15.81,5,4,139,79,10992,1
34038357,0,0,0,0,7,6,0.45,1,1,46,5,10992,1
64105601,1,0,0,0,7,0,-15.81,0,2,7,2,3347,1
154618,0,0,0,0,8,44,10.64,,1,1,0,21632,1
163266,0,0,0,0,12,9,13.83,,3,6,2,21632,1
28213746,1,2,0,0,6,73,13.22,0,5,186,0,21632,1
11957044,2,0,0,0,5,23,11.52,43,1,0,12,4862,1
41451,,,,,,,,,1,2,2,3849,1
39209406,0,1,0,0,5,49,21.48,118,1,1,1,10693,1
1895043,,,,,,,,,2,75,15,37020,1
3120728,,,,,,,,,1,1,1,37020,1
12869132,0,4,0,0,6,21,17.52,306,1,7,0,6199,1
2251072,0,1,0,0,8,17,10.03,,3,16,1,4295,1
34351828,0,0,0,0,5,12,9.85,0,2,29,3,4506,1
3100799,0,0,0,0,3,19,6.56,,1,31,1,30181,1
12719654,0,0,0,0,5,7,4.94,21,1,108,108,8223,1
9036689,0,2,0,0,5,51,8.26,0,4,28,5,8223,1
14536318,0,2,0,0,9,19,12.94,0,1,7,3,50951,1
49274697,0,0,0,0,7,31,18.3,197,2,16,15,6232,1
64192454,0,1,0,0,2,75,12.08,188,4,213,30,53926,1
23013721,0,0,0,0,13,60,9.1,168,1,9,1,80973,1
41431339,0,0,0,0,10,61,13.69,0,3,43,0,15832,1
33216346,0,0,0,0,6,61,9.17,0,2,148,8,2450,1
50122697,0,7,0,0,12,127,12.72,0,2,57,0,44138,1
49723359,0,1,0,0,12,85,8.47,0,5,41,23,44138,1
42371613,1,4,0,0,9,78,24.72,0,2,34,3,44138,1
18839727,0,0,0,0,7,30,21.39,0,1,25,1,44138,1
35190699,0,0,0,0,7,4,75.4,0,1,1,2,44138,1
64367382,1,0,0,0,8,131,12.02,0,4,89,9,44138,1
30123442,0,2,0,0,4,33,11.58,0,2,45,36,44138,1
24886566,1,5,0,0,6,72,14.45,0,4,124,4,44138,1
59067917,0,1,0,0,6,20,14.33,1,1,2,0,10526,1
65987706,1,1,0,0,5,50,21.42,0,6,157,5,6906,1
63673558,0,1,0,0,4,29,35.51,,2,5,1,6906,1
54046619,0,1,0,0,6,19,6.29,0,4,11,9,9830,1
60446726,0,1,0,0,2,30,10.72,0,3,0,5,9830,1
57858901,1,1,0,0,5,26,18.51,0,3,82,154,9830,1
36823715,0,3,0,0,6,48,13.58,,1,4,2,9830,1
37390680,0,0,0,0,12,11,11.58,34,1,8,3,9830,1
39531378,0,0,0,0,13,18,8.87,37,1,4,8,9830,1
58751549,0,0,0,0,7,47,18.64,0,3,9,10,10409,1
59528939,1,1,0,0,16,121,10.23,202,2,186,2,10409,1
26623255,0,0,0,0,3,11,7.35,5,2,78,14,42298,1
65455967,0,1,0,0,4,73,28.74,0,2,47,0,25710,1
40053323,1,0,0,0,6,89,17.66,0,2,12,2,25710,1
29078012,2,1,0,0,6,7,6.56,0,1,5,2,19862,1
26893395,,,,,,,,542,1,5,0,3409,1
26893395,,,,,,,,542,10,176,18,3409,1
48985626,,,,,,,,152,7,79,64,3409,1
34629855,0,0,0,0,8,32,13.76,279,3,10,8,10451,1
26537182,0,0,0,0,10,38,23.03,334,2,27,0,10451,1
29514554,2,0,0,0,2,19,20.04,0,1,1,1,8206,1
59750870,0,0,0,0,6,23,29.65,32,1,2,13,27481,1
7993930,0,0,0,0,6,0,-15.81,0,1,8,4,10786,1
2059033,0,0,0,0,6,3,146.52,,,,,1863,1
35309679,0,0,0,0,11,166,15.9,0,1,7,1,26060,1
11875619,0,0,0,0,5,23,30.4,128,2,3,3,26060,1
53052262,0,0,0,0,4,108,15.27,33,1,3,0,26060,1
14873983,0,1,0,0,2,74,14.11,1,1,1,1,12460,1
6645616,0,0,0,0,7,19,8.73,,1,4,0,136126,1
26232785,1,0,0,0,18,17,14.15,0,2,56,0,64262,1
48031237,0,0,0,0,4,67,17.95,84,1,1,1,64262,1
51384713,1,1,0,0,6,6,33.28,106,1,1,1,64262,1
47929282,1,0,0,0,5,31,17.18,0,1,23,0,64262,1
44529444,1,0,0,0,4,6,21.68,70,1,1,1,64262,1
45630521,2,0,1,0,7,49,24.79,2,3,53,8,64262,1
66403752,0,0,0,0,9,129,11.1,81,1,10,0,64262,1
28575159,1,2,0,0,7,1,320,205,1,1,1,64262,1
27963132,0,4,0,0,6,52,18.64,39,2,6,0,64262,1
54683397,0,1,2,0,6,43,13.13,0,1,3,0,64262,1
23801026,0,1,0,0,8,11,19.53,0,1,2,2,64262,1
50547804,0,0,0,0,6,86,10.4,,1,8,0,64262,1
22397238,0,0,0,0,11,0,-15.81,66,1,3,0,64262,1
64736590,0,1,0,0,11,57,13.23,77,1,19,3,64262,1
28644112,0,0,0,0,4,47,9.57,207,1,13,13,64262,1
69357864,0,0,0,0,9,4,46.4,0,1,8,0,64262,1
21050576,0,0,0,0,7,70,15.98,125,1,30,4,64262,1
69177388,1,0,2,0,9,27,21.24,0,1,9,1,64262,1
32638132,1,4,0,0,5,121,9.48,,1,3,1,64262,1
49122616,0,0,0,0,7,67,11.63,198,1,4,0,64262,1
37963568,0,1,0,0,7,14,13.22,132,2,15,10,64262,1
37863529,0,3,0,0,4,29,10.55,385,1,7,4,25621,1
65936564,0,1,0,0,8,94,15.56,1,3,45,17,25621,1
67429149,0,0,0,0,7,25,10.83,25,3,6,8,13456,1
15699907,,,,,,,,322,6,330,2,4571,1
58024945,1,2,0,0,8,24,13.96,0,3,3,3,17649,1
61214686,0,1,0,0,7,61,10.23,0,1,1,1,17649,1
24332547,1,0,0,0,1,18,9.16,40,3,99,0,9058,1
37510892,0,0,0,0,7,141,10.99,170,8,191,82,1505,1
63721927,0,0,1,0,7,92,14.64,0,4,229,210,8211,1
57694010,0,0,0,0,8,26,15.07,0,1,1,1,8211,1
43051329,0,0,0,0,8,104,10.35,0,3,117,61,8211,1
54512593,0,0,0,0,10,16,37.18,0,1,2,0,2664,1
47956909,0,4,2,2,7,55,31.57,75,2,78,1,36831,1
41499070,0,4,0,0,7,58,14.45,0,1,3,2,14910,1
14464698,1,1,0,0,6,61,10.86,0,3,191,12,14910,1
41773197,0,3,0,0,14,107,16.95,0,1,10,0,14910,1
53434662,2,0,0,0,9,72,9.75,0,1,12,7,14910,1
15108810,0,0,0,0,6,23,9.23,0,2,61,18,14910,1
22387277,0,0,0,0,5,67,10.75,0,2,79,9,14910,1
10468722,0,1,0,0,2,54,12.82,0,2,31,0,14910,1
22364118,0,1,0,0,5,42,25.72,0,5,524,2,14910,1
46788634,1,0,0,0,5,17,3.25,0,,,,14910,1
34713204,0,0,0,0,9,99,7.27,0,7,133,38,6763,1
32680084,0,2,0,0,7,31,11.73,0,3,6,12,6763,1
32835914,0,0,0,0,11,0,-15.81,4,1,1,1,6763,1
48074431,2,0,0,0,6,97,11.1,0,1,20,1,7971,1
20296376,0,0,0,0,4,19,33.7,0,1,34,42,10992,1
8655413,0,0,0,0,5,48,7.55,191,4,24,16,10992,1
53255907,1,1,0,0,7,25,15.26,6,2,37,1,10992,1
55117130,0,3,0,1,9,18,17.57,0,1,5,9,10992,1
16311392,0,0,0,0,5,12,12.28,0,2,19,1,10992,1
38425054,0,1,0,0,6,54,5.1,54,3,175,1,10992,1
19754446,0,0,0,0,10,0,-15.81,0,1,10,3,10992,1
34854391,0,0,0,0,3,18,13.34,2,1,45,3,10992,1
18951948,0,0,0,0,12,0,-15.81,0,2,45,22,10992,1
31960059,0,0,0,0,11,0,-15.81,,3,9,1,10992,1
44173295,0,1,0,0,5,0,-15.81,4,3,41,15,10992,1
8851566,0,0,0,0,3,10,18.36,32,1,13,18,10992,1
1190615,0,0,0,0,6,38,8.98,,3,35,0,4862,1
65122387,0,1,0,0,6,26,26.05,0,1,1,1,4001,1
58134456,1,0,0,0,13,75,14.82,0,1,2,1,4445,1
35759710,0,0,0,0,5,24,41.48,0,1,2,2,4445,1
31412200,0,0,0,0,8,86,10.95,0,4,17,2,4445,1
46842754,0,0,0,0,10,155,17.31,0,1,2,2,4445,1
3196654,0,1,0,0,13,35,8.76,,2,29,0,44087,1
6607788,0,0,0,0,8,161,10.23,,1,6,2,44087,1
34457960,0,0,0,0,13,1,331.6,351,1,5,7,8911,1
11204007,,,,,,,,139,1,10,1,37020,1
11837787,,,,,,,,31,2,8,2,37020,1
11445967,,,,,,,,70,1,1,1,37020,1
56075556,0,1,0,0,8,18,17.57,0,2,25,14,6199,1
8052611,0,1,0,0,5,18,37.52,258,1,2,1,6199,1
29868124,0,0,0,0,4,72,13.85,297,1,1,1,6199,1
14223046,0,0,0,0,7,8,34,0,1,6,0,6199,1
24192946,1,2,0,0,9,117,14.6,0,3,90,3,8223,1
11610282,0,1,0,0,6,128,11.45,0,3,10,1,50951,1
15412727,0,2,0,0,6,33,28.3,0,5,33,11,50951,1
34378354,0,1,0,0,6,38,12.49,234,5,25,6,6232,1
19804590,0,1,0,0,4,10,18.36,0,12,33,26,6232,1
55751982,2,0,0,0,8,37,14.34,,2,37,0,3848,1
59084316,1,0,0,0,9,0,-15.81,139,3,38,12,53926,1
38630227,0,0,0,0,3,21,37.41,2,2,5,1,80973,1
17777761,0,1,0,0,7,76,13.64,8,1,2,2,80973,1
38659180,0,0,0,0,13,20,35.5,2,1,9,0,80973,1
24365707,0,1,0,0,5,27,18.84,0,1,1,1,80973,1
38847034,0,0,0,0,10,36,18.72,34,1,45,0,80973,1
32356222,0,0,0,0,7,56,10.23,,2,20,14,2450,1
21365153,2,0,0,0,6,0,-15.81,0,1,2,0,44138,1
56114193,0,0,0,0,12,72,13.11,0,2,181,0,44138,1
16601870,0,0,0,2,9,91,35.81,0,11,16,39,44138,1
29400061,0,0,0,0,4,6,8.17,281,4,8,8,44138,1
21130589,0,1,0,0,8,71,12.32,11,6,61,4,44138,1
33584596,0,0,3,0,5,41,10.73,0,4,187,7,44138,1
45121494,0,4,0,0,11,130,16.67,0,2,27,0,44138,1
28383043,1,0,0,0,3,38,10.68,0,15,82,417,44138,1
25116071,0,2,0,0,8,16,18.67,0,2,18,2,44138,1
19433031,0,0,0,0,5,20,7.66,0,5,70,5,44138,1
50115642,0,1,0,0,7,45,11.97,0,1,1,0,10526,1
66561728,0,2,0,0,10,41,38.94,0,2,31,6,10526,1
53913780,1,0,0,0,10,122,18.12,0,3,39,2,6906,1
51107727,0,0,0,0,5,40,35.67,0,1,0,743,9830,1
40528263,0,0,0,0,12,45,8.69,,1,3,4,9830,1
64023180,0,1,0,0,4,16,34.62,0,2,56,3,9830,1
47389037,0,0,0,0,11,297,8.48,0,1,102,1,9830,1
39351628,0,1,0,0,10,88,10.56,34,3,9,1,9830,1
33652003,2,1,0,0,7,77,9.29,3,2,45,22,17916,1
49856494,0,0,0,0,8,4,1.45,,6,33,4,10409,1
50658019,0,0,0,0,8,59,10.64,,3,20,0,10409,1
47878167,0,0,0,0,6,76,10.1,,3,27,4,10409,1
14060501,0,0,0,0,8,2,-1.61,,1,5,0,14781,1
23530437,0,0,0,0,7,49,18.99,0,1,1,1,3493,1
69059038,0,0,1,0,11,145,13.31,0,2,55,15,8354,1
2824924,0,0,1,0,9,121,10.91,,1,5,0,25710,1
2300203,0,2,1,0,9,116,9.59,,3,7291,7298,25710,1
2078349,0,1,0,0,6,42,14.33,,1,12,8,25710,1
3260348,0,0,0,0,7,30,15.97,,2,16,2,25710,1
1866144,0,0,1,0,5,34,15.54,,2,44,2,25710,1
6457877,1,0,1,0,7,87,13.77,,1,12,2,25710,1
26893395,,,,,,,,542,1,1,0,3409,1
31774508,,,,,,,,0,1,7,0,3409,1
51929579,,,,,,,,128,4,110,5,3409,1
28088599,0,0,0,0,4,15,13.85,251,2,60,0,10451,1
39581617,0,0,0,0,10,98,15.17,289,1,1,1,10451,1
35516318,1,0,0,0,7,85,15.72,308,1,2,1,8206,1
32515809,0,0,0,0,12,0,-15.81,,5,7,2,8206,1
54217455,5,1,0,0,8,98,11.27,64,1,5,0,26060,1
35040104,0,2,0,0,7,9,17.02,83,2,2,1,26060,1
34611129,0,1,0,0,4,78,24.43,70,2,3,2,26060,1
3536122,0,0,0,0,6,43,10.21,,9,73,31,12460,1
26688519,0,1,0,0,12,125,11.66,0,2,127,29,136126,1
27729486,0,0,0,0,6,0,-15.81,0,1,1,0,136126,1
60595983,0,3,1,0,9,37,10.92,61,1,6,6,64262,1
47345468,0,7,2,0,10,27,30.91,7,1,1,1,64262,1
23173729,1,0,0,0,2,18,15.95,11,3,274,0,64262,1
34016371,0,0,0,0,4,18,17.57,243,1,15,3,64262,1
51770763,0,1,1,0,9,103,8.9,124,5,59,0,64262,1
50386113,0,0,2,0,10,50,18.38,1,2,55,10,64262,1
53095116,1,0,0,0,4,6,17.85,66,1,1,1,64262,1
28653356,1,2,0,0,3,76,17.54,,1,1,2,64262,1
53483402,1,1,0,0,7,31,10.28,0,6,31,21,64262,1
38868569,0,1,0,0,8,61,11.15,0,2,14,0,64262,1
47366596,1,1,1,0,9,32,11.79,7,,,,64262,1
44033695,0,0,0,0,15,107,23.62,0,1,5,8,64262,1
34948363,0,0,2,0,11,124,8.72,88,1,4,0,64262,1
47720014,1,0,0,0,3,6,16.87,80,1,1,1,64262,1
39662421,0,1,0,0,11,12,33.05,242,1,9,0,64262,1
59275443,0,0,0,0,9,128,12.01,0,1,1,0,64262,1
59986692,0,0,0,0,4,49,15.8,241,1,99,0,64262,1
50921979,0,0,0,0,5,32,10.36,216,1,7,7,64262,1
47610941,0,0,2,0,5,83,15.08,61,1,10,4,64262,1
48691363,2,3,2,1,9,151,15.15,69,3,336,10,64262,1
43220146,0,1,0,0,7,66,7.13,184,1,1,2,25621,1
16227768,0,0,0,0,6,56,18.41,11,,,,13456,1
25477368,,,,,,,,3,2,71,0,4571,1
58288532,0,0,0,0,6,11,7.93,0,1,13,0,8211,1
59858472,0,0,0,0,17,127,6.96,0,8,134,11,8211,1
34508271,0,0,0,0,1,5,59.48,0,12,953,0,8211,1
42591524,0,1,0,0,4,142,13.83,5,6,33,0,36831,1
15451057,0,0,0,0,7,34,10.28,0,4,4,3,1287,1
8938434,0,0,0,0,4,14,8.24,0,1,1,1,14910,1
52527653,0,2,0,0,10,77,23.29,0,1,8,3,14910,1
34349008,0,3,1,0,9,129,9.53,1,59,498,499,14910,1
7109601,1,2,0,0,7,100,6.62,,1,1,1,14910,1
7447725,1,0,0,0,8,22,11.87,0,1,1,1,14910,1
23692303,0,1,0,0,7,114,12.21,0,3,64,13,14910,1
53721379,1,0,0,0,9,33,14.03,0,1,17,1,14910,1
9133189,0,1,0,0,11,43,12.01,0,3,106,14,14910,1
14801793,1,3,0,0,8,32,21.94,0,2,19,2,14910,1
26177698,0,0,0,0,7,24,18.28,0,6,60,34,11738,1
34767570,0,1,0,0,6,22,20.05,0,8,113,107,11738,1
35858186,0,2,0,0,6,7,21.47,0,3,33,6,6763,1
32287961,0,0,0,0,7,116,9.88,,1,10,10,7971,1
39789072,0,0,0,0,9,93,12.3,0,16,156,116,7971,1
31515337,0,0,1,0,8,57,11.95,0,2,4,3,7971,1
38513174,0,0,0,0,9,126,7.79,0,1,2,1,7971,1
31600707,0,0,0,0,9,53,14.7,0,1,4,0,7971,1
37924633,0,0,0,0,8,52,8.76,0,1,9,0,7971,1
61241244,0,0,0,0,5,163,16.15,141,1,10,0,2306,1
20902479,0,0,0,0,9,13,7.7,10,7,17,9,10992,1
15458837,0,0,0,0,4,0,-15.81,0,1,23,2,10992,1
15121634,0,0,0,0,9,0,-15.81,0,1,48,8,10992,1
31865144,0,1,0,0,2,11,16.86,2,4,35,47,10992,1
19051380,0,0,0,0,6,6,4.28,11,1,19,2,10992,1
6732602,0,0,0,0,8,0,-15.81,,1,479,72,2921,1
160532,0,2,0,0,7,65,22.93,,2,21,18,21632,1
26524,0,0,0,0,14,62,9.59,,2,2,2,21632,1
44490009,2,0,0,0,7,19,9.57,0,2,2,0,4445,1
35759775,0,0,0,0,2,10,73.46,0,1,0,16,4445,1
43958636,0,0,0,0,7,33,11.62,0,1,1,1,4445,1
185292,,,,,,,,,1,1,1,3849,1
5415752,0,1,0,0,8,32,16.14,,5,14,9,3789,1
543521,0,1,0,0,9,385,16.96,,3,677,588,8152,1
25244623,0,0,0,0,5,0,-15.81,0,2,2,2,50951,1
9052844,0,0,0,0,3,7,17.35,0,9,35,7,50951,1
8988727,0,2,0,0,14,86,14,0,1,6,1,50951,1
6572399,0,0,0,0,11,23,22.11,0,1,1,1,8119,1
24999687,0,0,0,0,6,47,8.66,,3,39,4,6232,1
19452380,0,0,0,0,10,26,12.48,23,3,21,2,13897,1
36809328,1,0,0,0,8,20,4.47,0,1,4,0,38114,1
22567591,0,0,0,0,15,77,6.74,148,14,18,24,80973,1
21873646,1,0,0,0,10,19,10.5,16,4,60,2,80973,1
17732052,0,0,0,0,6,59,24.61,0,1,9,0,80973,1
40376390,,,,,,,,34,2,10,2,80973,1
19697664,1,4,0,0,5,52,10.81,0,3,5,8,44138,1
25081088,0,1,0,0,10,29,49.08,0,1,2,2,44138,1
37954087,0,2,0,0,4,15,25.45,0,5,48,0,44138,1
39770115,0,3,2,0,9,98,18.3,0,11,228,78,44138,1
19964301,0,0,0,0,7,38,9.46,0,6,87,2,17330,1
54046619,0,1,0,0,6,19,6.29,0,8,58,58,9830,1
35628933,0,1,0,0,7,53,6.96,33,1,9,7,9830,1
53694087,0,3,0,1,8,77,17.53,,2,14,1,9830,1
37390680,0,0,0,0,12,11,11.58,34,1,3,2,9830,1
22770146,0,0,0,0,10,35,6.42,,2,9,5,10409,1
56303235,1,0,0,0,4,14,7.01,,4,25,6,10409,1
38298583,0,0,0,0,5,65,8.95,0,7,40,33,10409,1
43494312,1,0,0,0,7,48,10.17,,1,10,7,10409,1
50369965,0,1,0,0,8,90,12.79,,3,144,1,10409,1
61910118,1,0,0,0,8,95,14.52,233,7,33,20,10409,1
53077934,0,0,0,0,6,27,11.38,,5,60,233,10409,1
24721629,0,0,0,0,4,40,8.09,0,3,53,3,7476,1
16511571,0,0,0,0,9,86,10,0,2,3,1,15566,1
41431556,,,,,,,,0,2,130,66,3409,1
34031942,0,0,0,0,8,36,14.11,317,2,19,15,8206,1
29888195,0,0,0,0,7,0,-15.81,4,1,6,0,8206,1
34266721,0,0,0,0,5,23,9.52,306,2,15,2,8206,1
2023366,0,0,0,0,6,48,13.48,,,,,1863,1
9176948,0,0,0,0,4,31,6.2,0,3,14,12,26060,1
39315028,0,0,0,0,5,55,22.12,40,4,68,8,136126,1
18827260,0,0,0,0,4,25,9.46,0,5,0,111,136126,1
12732207,0,0,0,0,6,32,16.66,0,3,7,3,136126,1
34683947,1,1,0,0,5,64,13.34,0,1,0,1,136126,1
22761113,0,1,0,0,7,8,5.76,80,2,57,1,64262,1
56327791,0,0,0,0,9,44,23.54,0,1,41,0,64262,1
53301206,0,2,0,0,8,5,13.08,11,2,9,2,64262,1
65162393,0,0,0,0,7,103,18.36,100,1,13,6,64262,1
59639397,0,0,2,0,8,41,27.63,0,2,42,5,64262,1
54730552,1,0,2,0,4,23,52.09,56,1,25,13,64262,1
56086774,0,0,0,0,5,39,24.83,73,1,1,10,64262,1
32519498,0,1,0,0,8,21,3.34,,1,1,1,64262,1
54550273,8,0,2,0,6,19,27.9,,1,38,23,64262,1
47482631,1,0,0,0,5,126,9.19,89,1,325,49,64262,1
62421423,0,0,0,0,9,187,12.21,0,1,6,2,64262,1
51044116,1,0,0,0,5,25,17.82,114,1,2,2,64262,1
29464063,0,0,0,0,3,42,22.99,14,8,152,4,64262,1
68921578,3,0,0,0,6,63,14.64,174,4,36,0,64262,1
27192534,0,1,0,0,5,25,12.48,0,3,93,89,64262,1
47535316,0,1,0,0,6,29,24.09,0,1,7,0,64262,1
13924897,0,0,0,0,2,85,12.21,34,5,39,0,13456,1
24959323,,,,,,,,0,5,120,1,4571,1
31778432,1,2,0,0,8,69,12.19,22,1,0,14,7613,1
58447249,0,0,1,0,3,54,26.56,0,8,117,33,8211,1
57418059,0,2,0,0,6,109,18.76,0,1,2,2,12631,1
49307708,0,1,0,0,7,62,10.05,66,4,66,3,36831,1
49571183,1,2,3,0,10,76,10.74,67,1,1,0,36831,1
53934470,0,5,0,0,14,292,13.83,0,2,24,1,36831,1
64177706,1,2,8,1,7,147,27,0,9,40,33,50545,1
7576928,0,1,0,0,5,134,13.07,0,6,206,0,14910,1
8620778,0,0,0,0,3,72,9.17,0,11,156,57,14910,1
34722769,0,1,0,0,7,110,11.1,0,3,28,0,14910,1
40845831,1,2,2,0,7,79,13.35,88,3,10,3,14910,1
38505785,1,0,0,0,6,8,15.91,0,1,1,1,14910,1
20442650,1,1,0,0,12,65,11.97,0,4,284,0,14910,1
43616713,0,0,0,0,5,19,26.97,22,1,5,1,14910,1
25190033,0,0,0,0,7,27,15.19,0,3,49,10,14910,1
11998776,1,4,0,0,7,71,13.18,0,5,448,0,14910,1
22533901,0,0,0,0,12,22,3.02,0,3,61,5,14910,1
70212017,0,1,0,0,7,16,28.13,0,1,2,2,14910,1
14801793,1,3,0,0,8,32,21.94,0,3,52,13,14910,1
33395281,0,0,0,0,10,21,6.35,0,3,7,4,11738,1
26369321,1,1,0,0,7,41,8.66,0,1,4,24,11738,1
57845743,0,0,0,0,8,43,8.43,0,4,29,2,18788,1
38718987,0,1,1,0,4,29,14.69,0,1,1,1,7971,1
44565944,0,0,0,0,4,7,18.97,2,5,695,3,12790,1
45530084,0,0,0,0,6,36,27.8,0,1,0,1,12790,1
24466884,0,0,0,0,10,0,-15.81,61,1,1,0,3811,1
16189415,1,0,0,0,5,9,15.11,5,2,20,3,10992,1
22261399,0,0,0,0,3,0,-15.81,0,1,50,0,10992,1
22701791,0,1,0,0,6,13,8.16,0,1,4,3,10992,1
18987432,0,1,0,0,7,31,19.25,11,1,1,0,10992,1
16223829,0,0,0,0,4,12,11.82,,4,1046,1046,10992,1
32146338,0,0,0,0,7,1,180.8,2,6,41,5,10992,1
42207908,1,0,0,0,11,0,-15.81,0,2,13,1,3347,1
19971647,0,0,0,0,6,30,16.37,0,6,27,13,21632,1
6662768,0,0,0,0,2,43,21.92,,2,2,1,4862,1
35759971,0,0,0,0,2,12,84.32,0,3,28,16,4445,1
69775591,0,0,0,0,8,68,9.57,0,2,14,15,4445,1
45263926,,,,,,,,26,1,5,1,18193,1
34921136,0,0,0,0,4,55,9.29,176,2,5,1,4149,1
13104328,0,0,0,0,3,27,19.94,573,1,3,3,8911,1
2988591,0,0,0,0,6,88,12.96,,4,75,35,37020,1
9903833,0,1,0,0,10,6,4.28,255,2,9,1,6199,1
3005998,0,4,0,0,11,141,13.65,,3,11,1,4295,1
63878546,0,0,0,0,6,64,16.49,0,1,1,1,4506,1
9130317,0,0,0,0,6,47,10.11,0,1,1,1,30181,1
24643190,0,0,0,0,17,74,9.82,145,1,2,2,30181,1
8145676,1,0,0,0,6,104,12.83,0,2,2,2,30181,1
12540966,0,1,0,0,8,13,9.63,0,8,122,36,8223,1
14594726,0,2,0,0,4,51,14.52,0,,,,50951,1
27023282,0,1,0,0,4,35,9.99,0,3,11,0,50951,1
16644432,0,0,0,0,4,44,10.32,0,1,5,4,8119,1
34678331,0,0,0,0,10,58,13.42,218,2,23,0,6232,1
21770158,2,1,0,0,5,17,14.85,0,1,39,2,44138,1
28836494,0,2,0,0,13,55,10.17,0,3,96,5,44138,1
43050483,0,0,0,0,7,60,10.69,0,6,142,8,44138,1
16389022,0,0,0,0,11,28,48.03,0,1,0,21,44138,1
64150701,0,0,0,0,8,116,28.56,0,2,3,3,44138,1
45377568,1,1,0,0,5,25,28.02,30,4,44,14,9830,1
33955758,0,0,0,0,5,43,24.42,32,3,17,9,9830,1
57733292,0,0,0,0,5,26,45.25,,1,2,2,9830,1
33487312,2,0,0,0,8,0,-15.81,49,4,35,10,9830,1
63415330,1,0,0,0,8,41,19.39,0,1,4,3,9830,1
65378569,0,1,0,0,9,17,38.05,0,1,1,1,9830,1
35012984,0,1,0,0,11,5,-0.85,34,1,6,0,9830,1
62810753,0,3,0,0,7,21,10.33,0,15,53,35,9830,1
63779529,0,3,0,0,9,166,15.68,,14,4829,1362,9830,1
51742008,0,0,0,0,4,36,9.8,0,4,6,5,9830,1
59237491,2,2,4,0,5,22,25.7,0,2,11,2,9830,1
33760656,0,0,0,0,9,40,14.63,,17,475,7,10409,1
56351182,0,0,0,0,6,25,17.56,,4,19,3,10409,1
19131813,1,0,0,0,6,7,13.17,,2,14,10,14781,1
36949928,0,1,0,0,6,76,17.88,39,2,47,1,3493,1
24109969,0,1,0,0,9,85,10.47,15,3,15,2,42298,1
23193318,1,0,0,0,6,20,30.57,13,2,40,1,42298,1
56084771,0,1,0,0,3,70,12.89,3,3,3,3,42298,1
30419629,0,0,0,0,5,90,12.21,69,1,1,0,4246,1
12856141,0,0,0,0,6,47,19.32,0,3,34,0,25710,1
2277435,0,0,1,0,5,34,7.31,,3,88,3,25710,1
11942613,0,0,1,0,10,91,9.41,0,1,4,1,25710,1
18126221,0,0,0,0,2,28,14.51,0,1,6,0,25710,1
3251421,0,1,0,0,8,0,-15.81,,3,16,4,25710,1
32145356,,,,,,,,0,2,64,24,3409,1
46667581,,,,,,,,185,1,6,6,3409,1
28328635,0,1,0,0,13,33,12.47,268,1,4,0,10451,1
26021450,0,0,0,0,7,19,8.73,272,2,39,2,10451,1
34805459,0,0,0,0,4,64,16.44,282,3,63,10,10451,1
35265962,0,0,0,0,7,10,10.82,301,2,33,1,10451,1
54446458,0,1,0,0,6,43,23.4,,2,15,4,27481,1
30982995,0,0,0,0,5,21,6.64,0,1,2,0,3614,1
2449402,0,0,0,0,8,15,13.85,,,,,1863,1
2163857,1,0,0,0,6,71,8.34,,,,,1863,1
27872292,0,1,0,0,6,43,4.99,0,5,89,0,136126,1
54491305,0,0,0,0,11,16,50.57,0,1,2,2,136126,1
62700583,0,0,0,0,11,9,49.27,50,1,13,13,64262,1
47267455,0,0,0,0,4,0,-15.81,6,1,12,0,64262,1
45161935,0,0,1,0,11,46,21.12,1,5,69,9,64262,1
50914655,0,0,0,0,7,45,9.29,,1,2,2,64262,1
50385079,0,0,0,0,4,26,46.1,105,1,2,2,64262,1
37922086,1,2,2,1,8,104,10.39,204,1,42,32,64262,1
37267443,1,0,0,0,3,26,11.15,41,1,1,1,64262,1
22875978,0,3,0,0,10,33,10.03,0,3,102,34,64262,1
29209909,1,2,0,0,6,29,12.72,38,1,3,1,64262,1
58941319,0,0,0,0,5,58,25.88,18,1,5,0,64262,1
31189143,0,0,0,0,7,30,32.01,11,1,4,1,64262,1
50850788,2,0,0,0,7,22,14.62,113,2,53,60,64262,1
22400620,0,0,0,0,4,0,-15.81,66,2,4,4,64262,1
38188552,0,1,0,0,5,22,11.2,92,1,10,0,64262,1
60546232,0,2,0,0,6,21,9.52,158,2,11,35,64262,1
42081427,1,0,0,0,3,25,14.34,57,1,3,3,64262,1
31822731,0,2,0,0,6,79,14.28,0,2,36,1,64262,1
46580302,0,0,0,0,9,31,7.27,0,11,24,24,64262,1
49122616,0,0,0,0,7,67,11.63,198,1,4,3,64262,1
47175295,1,2,0,0,9,181,26.65,84,2,18,14,25621,1
63953254,1,1,0,0,3,56,17.41,22,1,14,7,13456,1
58265484,0,0,0,0,6,30,9.82,40,2,92,10,9058,1
57430611,1,0,1,0,11,83,10.04,0,4,229,210,8211,1
58776725,0,1,0,0,7,44,16.55,0,5,22,62,8211,1
35644910,0,0,0,0,10,189,21.99,0,2,7,7,5937,1
16302384,0,1,0,0,11,29,14.32,7,1,1,1,5937,1
45289736,1,0,0,0,6,33,8.97,64,4,76,41,36831,1
43305855,0,1,2,0,9,109,11.05,0,7,32,1,36831,1
36019491,0,0,0,0,2,123,15.86,93,2,4,21,14910,1
19161905,0,1,0,0,7,29,22.73,0,3,23,1,14910,1
9749856,0,0,0,0,7,47,11.77,0,4,33,9,14910,1
10468547,0,1,0,0,7,43,12.23,0,2,43,2,14910,1
10468433,0,1,0,0,5,44,7.08,0,3,30,0,14910,1
10468568,0,0,0,0,3,54,12.49,0,4,117,1,14910,1
27251087,0,2,0,0,5,94,14.93,0,3,398,1,14910,1
34142590,0,0,0,0,9,27,22.5,23,1,8,0,14910,1
8425807,0,0,0,0,3,33,15.68,0,2,12,12,14910,1
9145168,0,0,0,0,8,28,19.83,0,1,12,0,14910,1
35321315,0,1,0,0,13,118,13,,3,132,25,14910,1
42958397,0,7,2,0,7,176,12.2,87,2,49,0,14910,1
65498290,1,0,0,0,4,0,-15.81,0,1,12,8,14910,1
58412207,1,0,0,0,5,0,-15.81,10,1,43,23,14910,1
43038283,0,3,2,0,9,92,12.29,0,2,5,2,14910,1
39623870,0,0,1,0,9,103,11.21,0,2,12,0,7971,1
51186745,3,2,0,0,14,166,13.25,0,2,94,0,12790,1
50405117,1,0,0,0,3,44,22.28,160,2,19,5,12790,1
30917904,0,0,0,0,5,2,-7.41,0,1,24,24,3811,1
35051069,0,1,0,0,7,5,1.48,48,1,197,164,10992,1
43629664,0,1,0,0,8,13,9.5,0,1,1,0,10992,1
31253984,0,0,0,0,4,51,7.74,0,1,39,27,10992,1
17891941,0,0,0,0,5,0,-15.81,11,1,63,60,10992,1
18987167,0,1,0,0,7,27,22.32,11,1,10,8,10992,1
26056169,1,2,0,0,4,19,5.28,0,1,1,1,10992,1
23582550,0,0,0,0,4,30,8.66,0,1,126,100,10992,1
18987432,0,1,0,0,7,31,19.25,11,1,2,1,10992,1
12656040,0,1,0,0,4,13,3.23,305,2,28,25,10992,1
14356316,0,0,0,0,8,0,-15.81,0,3,56,5,10992,1
6610494,0,4,0,0,5,27,15.03,,6,52,58,4862,1
54878258,0,2,0,0,5,36,25.19,0,1,1,3,4445,1
55317808,1,0,0,0,9,27,19.96,0,1,1,2,4445,1
1426746,,,,,,,,,2,12,13,3849,1
11231092,0,0,0,0,3,64,12.43,32,1,4,0,6506,1
11352073,0,0,0,0,4,21,21.76,591,1,163,0,8911,1
7267845,,,,,,,,0,2,17,16,37020,1
10314862,,,,,,,,0,5,42,28,37020,1
3256816,0,0,0,0,5,27,9.64,,1,5,1,37020,1
50753672,0,1,0,0,5,12,9.38,100,2,5,0,6199,1
13574338,0,1,0,0,5,8,63,0,1,1,1,6199,1
15283588,0,0,0,1,7,0,-15.81,112,2,5,5,6199,1
2832605,0,1,0,0,4,2,10,,2,3,3,4295,1
3221502,0,0,0,0,8,26,12.63,,1,1,1,30181,1
3438100,1,0,0,0,16,74,12.89,,1,1,0,30181,1
11385090,0,1,0,0,9,35,44.72,0,1,34,26,50951,1
10258893,2,3,0,0,9,188,17.07,0,10,23,16,50951,1
25238431,0,1,0,0,2,21,14.21,0,1,1,1,2969,1
26808593,0,0,0,0,7,7,47.97,190,1,0,1,80973,1
28330744,3,0,0,0,4,14,8.23,161,1,1,1,80973,1
35335859,1,0,0,0,6,37,22.64,0,1,29,7,80973,1
56262496,0,1,0,0,8,40,18.4,20,7,78,2,15832,1
59841017,0,1,0,0,4,4,95.7,0,1,2,1,15832,1
59069011,0,0,0,0,4,27,11.36,0,5,42,26,2450,1
16952798,0,2,0,0,7,71,8.72,0,3,116,9,44138,1
33260308,0,0,0,0,7,65,15.22,0,45,444,313,44138,1
16601870,0,0,0,2,9,91,35.81,0,6,34,21,44138,1
21351703,0,1,0,0,6,10,6.18,0,2,13,1,44138,1
18190873,0,0,0,0,8,102,14,0,3,14,0,44138,1
64151080,0,0,0,0,9,61,45.78,0,4,30,38,44138,1
21269809,0,0,0,0,2,24,5.98,0,1,3,0,44138,1
16622119,0,0,0,0,5,19,20.59,0,6,97,32,44138,1
26074081,1,0,0,0,3,0,-15.81,0,1,4,0,44138,1
23266840,1,1,0,0,7,8,8.66,0,1,1,1,10526,1
44989263,0,2,0,0,6,21,18.62,0,3,112,2,17330,1
18900897,0,3,0,0,10,5,2.64,3060,3,34,3,34462,1
60144093,0,0,0,0,5,31,11.42,0,1,0,4,9830,1
45355923,1,1,0,0,2,72,9.59,30,32,187,183,9830,1
59761391,2,5,0,0,8,73,14.45,0,4,61,3,9830,1
67936572,1,0,0,0,6,2,-1.61,0,2,135,3,9830,1
64152237,0,1,0,1,3,53,17.77,0,2,21,1,9830,1
44564263,2,0,0,0,5,0,-15.81,26,2,2,0,9830,1
34307250,0,0,0,0,4,97,40.27,33,4,30,1,9830,1
34307250,0,0,0,0,4,97,40.27,0,4,30,1,9830,1
26678364,0,3,0,0,7,54,12.36,0,2,114,8,17916,1
66014873,0,2,0,1,8,123,16.5,115,6,39,8,17916,1
26638309,0,0,0,0,7,49,7.97,19,3,28,2,17916,1
33836947,0,0,0,0,12,227,13.43,,7,136,15,10409,1
58746925,0,0,0,0,17,76,9.47,0,1,6,1,10409,1
49981215,0,0,0,0,5,23,9.23,,2,17,3,10409,1
63312993,1,0,0,0,10,109,11.16,228,3,36,2,10409,1
65328820,1,0,0,0,11,33,5.82,142,1,1,1,10409,1
36677434,0,3,0,0,5,104,15.39,0,2,16,0,7476,1
50062650,0,0,0,0,9,27,24.02,0,1,4,0,7476,1
19095507,0,0,0,0,6,41,3.76,,1,1,3,14781,1
6038182,0,0,0,0,5,24,10.37,,1,1,1,2593,1
3374075,1,0,0,0,5,112,12.38,,2,13,1,25710,1
2421941,0,0,1,0,8,33,7.52,,1,3,0,25710,1
44650654,,,,,,,,163,4,112,2,3409,1
50657347,0,0,0,0,9,59,29.2,220,1,3,3,10451,1
29533292,0,0,0,0,9,0,-15.81,0,2,7,6,8206,1
29979858,0,2,0,0,6,40,17.53,213,1,17,3,8206,1
47505736,1,0,1,0,8,126,20.24,0,6,42,131,8206,1
42624476,0,0,0,0,7,18,22.68,90,1,1,1,8206,1
34506219,0,0,0,0,7,25,9.44,305,1,2,2,8206,1
7647308,0,0,0,0,6,17,16.18,0,2,14,1,10786,1
5392489,0,0,0,0,8,56,18.18,,2,3,7,10786,1
25196026,1,1,0,0,7,87,11.59,0,3,67,7,26060,1
18282383,1,0,0,0,6,37,15.27,25,3,20,0,26060,1
6217553,0,0,0,0,9,201,18.59,0,3,14,12,26060,1
2228802,0,0,0,0,6,66,10.69,0,1,2,2,26060,1
32019275,1,0,0,0,6,76,14.97,0,13,10,9,136126,1
25969036,0,0,0,0,4,47,7.32,0,2,31,1,136126,1
39857904,0,2,0,0,16,66,9.59,0,1,9,2,64262,1
46903076,0,0,2,0,5,9,20.91,78,1,1,1,64262,1
26802212,1,2,0,0,5,16,30.62,0,1,4,4,64262,1
29725302,0,1,0,0,7,53,21.48,0,1,2,2,64262,1
42370947,0,3,0,0,13,49,11.8,0,3,48,7,64262,1
52575439,0,0,2,0,5,27,84.61,46,1,25,12,64262,1
41752078,0,0,2,0,14,61,12.49,0,,,,64262,1
37110136,0,1,0,0,13,100,14.64,,1,6,0,64262,1
28852408,0,0,0,0,5,85,14.7,207,1,3,3,64262,1
34375154,0,0,2,0,6,58,24.82,0,1,29,6,64262,1
56312875,0,0,2,0,4,151,10.52,74,1,9,0,64262,1
49122616,0,0,0,0,7,67,11.63,19,1,4,0,64262,1
49122616,0,0,0,0,7,67,11.63,19,1,4,3,64262,1
36394123,0,0,0,0,2,6,70.05,34,1,32,0,13456,1
29533960,,,,,,,,0,5,115,1,4571,1
37213704,0,0,0,0,3,15,24.29,4,1,1,1,3802,1
32640155,0,0,0,0,1,59,28.56,3,3,33,2,7613,1
31766916,0,1,0,0,5,49,13.42,18,1,19,4,7613,1
34507914,0,0,0,0,1,4,73.95,0,11,179,9,8211,1
58281191,0,0,0,0,8,61,19.91,0,2,74,1,12631,1
32643399,0,2,0,0,6,15,41.69,0,2,17,3,1287,1
12489892,1,2,0,0,10,39,18.98,0,6,411,0,14910,1
59402802,2,2,0,0,9,205,11.73,,1,1,1,14910,1
14557697,1,1,0,0,6,14,8.63,0,6,675,1,14910,1
52895747,1,2,2,0,11,140,14.46,0,1,1,1,14910,1
49454546,3,0,0,0,4,2,21.6,0,4,37,15,14910,1
30652919,0,1,0,0,8,90,11.9,0,3,61,1,14910,1
10468396,0,3,0,0,5,28,16.29,0,2,38,0,14910,1
27925408,0,0,0,0,2,43,11.43,0,4,16,4,14910,1
29466445,1,3,0,0,13,55,13.4,0,3,30,3,14910,1
57896256,0,3,0,1,8,33,40.79,0,9,114,47,18788,1
47112314,0,0,0,0,6,60,5.07,0,18,44,0,7971,1
38216092,0,0,0,0,6,81,11.16,0,1,1,1,7971,1
31349022,0,0,0,0,2,72,10.06,0,3,30,13,7971,1
37986764,0,0,0,0,7,126,6.62,0,1,7,0,7971,1
37936352,0,0,0,0,6,75,17.18,0,1,7,0,7971,1
43344970,0,3,0,0,8,63,14.06,58,2,23,6,12790,1
30918638,0,0,0,0,5,25,6.66,0,1,2,0,3811,1
30917773,0,0,0,0,6,20,9.11,0,3,7,5,3811,1
68457414,0,0,0,0,2,29,9.12,3,6,4,179,10992,1
22840947,0,0,0,0,14,0,-15.81,0,5,192,47,10992,1
18969397,0,1,0,0,8,28,22.98,11,1,1,0,10992,1
38948432,0,1,0,0,10,21,5.63,5,1,10,2,10992,1
18969381,0,1,0,0,7,33,22.68,11,2,25,21,10992,1
18656454,0,0,0,0,5,0,-15.81,0,1,4,4,10992,1
43466746,0,2,0,0,7,0,-15.81,0,1,2,0,10992,1
18987167,0,1,0,0,7,27,22.32,11,1,1,1,10992,1
31739165,0,0,0,0,5,29,7.53,1,4,113,81,10992,1
23843302,0,0,0,0,9,30,7.85,0,1,18,4,10992,1
67632708,0,1,0,1,10,23,30.4,35,1,28,12,10992,1
148426,0,0,0,0,10,85,11.91,,3,85,6,21632,1
43881628,1,0,0,0,4,17,7.62,0,2,10,2,4445,1
53730155,1,0,0,0,19,62,17.94,0,2,2,0,4445,1
44077127,1,0,0,0,7,9,9.31,0,3,1,2,4445,1
33900395,0,0,0,0,6,33,20.9,0,5,115,157,4445,1
26123085,1,0,0,0,5,5,10.76,0,2,43,42,4445,1
1698158,,,,,,,,,1,9,1,3849,1
47031,0,0,0,0,5,19,20.88,,1,17,1,4231,1
7608704,0,1,0,0,4,18,6.26,16,25,60,60,34394,1
3167145,,,,,,,,,2,3,2,37020,1
6887989,0,0,0,0,6,37,10.62,152,6,69,5,37020,1
55002487,0,3,0,0,6,27,1.67,209,1,2,1,6199,1
42744801,0,6,0,0,9,32,29.54,10,1,1,1,6199,1
2371730,0,0,0,0,11,19,16.01,,3,8,1,4295,1
12127890,0,0,0,0,9,20,12.01,0,1,1,1,30181,1
43183077,3,3,0,0,8,107,16.9,,3,30,1,30181,1
60735269,0,2,0,0,6,63,8.43,0,4,38,24,8223,1
31928885,0,0,0,0,5,72,9.66,0,1,16,1,50951,1
32569906,0,0,0,0,7,29,48.91,,1,1,1,13897,1
34563303,0,0,0,0,21,14,38.91,0,1,9,1,38114,1
61895609,0,0,0,0,3,48,6.2,177,4,41,11,53926,1
17213269,1,1,0,0,9,66,10.33,8,2,2,0,80973,1
22626803,0,0,0,0,11,25,13.15,0,2,13,1,80973,1
46037638,0,2,0,0,9,4,223.3,14,1,10,4,80973,1
22630463,0,0,0,0,4,8,21.71,0,3,46,4,80973,1
16813076,0,0,0,0,9,19,28.83,0,1,2,2,8307,1
58233371,0,1,0,0,7,60,9.28,0,1,9,2,19424,1
18775024,0,0,0,0,7,26,11.53,0,5,46,15,44138,1
21164909,0,0,0,0,4,37,32.54,0,2,25,3,44138,1
33713751,2,2,0,0,5,57,8.66,0,1,5,5,44138,1
24523288,0,2,0,0,8,18,14.96,0,1,11,4,44138,1
49133315,0,1,0,0,12,84,11.74,49,1,3,0,9830,1
47523160,1,0,0,0,2,24,11.03,23,1,33,16,9830,1
34274081,1,0,0,0,6,8,50.71,20,2,21,13,9830,1
65278910,0,1,8,1,6,70,15.97,0,2,13,5,9830,1
65890005,1,1,0,0,5,16,54.58,0,6,77,13,9830,1
47544339,0,0,0,0,8,27,24.02,0,3,11,3,17916,1
41472975,0,0,0,0,9,14,4.52,,3,21,1,10409,1
59503092,0,0,0,0,14,170,15.46,202,2,11,5,10409,1
66134839,0,0,0,0,12,12,32.35,131,1,4,2,10409,1
48708937,0,0,0,0,17,25,10.39,0,1,1,0,7476,1
14524462,0,0,0,0,2,5,13.08,,2,11,1,14781,1
32263194,0,1,0,0,5,65,9.45,4,3,13,9,42298,1
35843901,0,0,0,0,12,63,16.26,0,1,1,6,2960,1
2987007,2,0,0,0,15,11,37.97,,1,4,0,25710,1
53604417,0,1,0,0,7,210,22.65,54,1,50,54,15566,1
22881265,0,0,0,0,11,219,11.04,0,1,1,1,19862,1
31854348,,,,,,,,0,1,14,0,3409,1
34949227,1,1,0,0,6,28,12.58,287,22,134,52,10451,1
33628536,1,0,0,0,9,22,18.56,0,1,4,4,8206,1
11931833,0,0,0,0,9,50,9.92,0,5,35,2,1863,1
2038308,1,0,0,0,5,2,15.8,,,,,1863,1
2017212,0,0,0,0,4,39,10.97,,,,,1863,1
2090854,0,0,0,0,5,22,9.35,,1,12,0,8592,1
8508939,0,0,0,0,12,72,9.42,0,2,13,3,12460,1
17563302,0,1,0,0,9,56,11.49,0,14,20,0,136126,1
67400947,1,17,0,0,4,84,33.26,51,8,22,20,64262,1
46604059,0,2,2,0,8,154,11.79,,1,1,0,64262,1
69342220,1,0,0,0,5,0,-15.81,1,1,5,4,64262,1
56357433,0,0,0,0,4,20,32.02,0,1,0,2,64262,1
48666553,0,0,0,0,8,33,30.06,12,20,59,39,64262,1
65760596,0,0,0,0,8,66,7.13,0,1,1,0,64262,1
22579749,0,0,0,0,3,23,18.37,0,1,1,4,64262,1
22069008,1,0,0,0,4,148,13.29,0,1,2,7,64262,1
38388625,3,0,0,0,4,19,17.81,39,1,6,4,64262,1
31929295,0,1,0,0,12,40,18.58,88,1,12,1,64262,1
46195840,0,0,0,0,8,15,31.25,2,1,1,1,64262,1
38666904,1,0,0,0,10,6,14.95,38,1,1,1,64262,1
30172511,0,1,0,0,6,53,12.13,0,5,69,9,64262,1
32189709,4,0,1,0,8,29,14.32,,1,14,0,64262,1
64734282,0,0,0,0,5,76,24.77,0,1,5,1,64262,1
43542508,0,0,0,0,8,68,15.22,0,8,71,5,64262,1
54004294,1,3,2,0,12,57,34.28,0,1,3,3,64262,1
59613972,3,0,0,0,11,159,10.75,69,6,41,9,64262,1
36512820,0,0,0,0,7,41,40.62,34,1,7,0,13456,1
34501831,,,,,,,,4,57,1033,3,4571,1
24941759,,,,,,,,0,4,144,2,4571,1
25526135,,,,,,,,416,2,71,0,4571,1
25381580,,,,,,,,0,8,622,0,4571,1
25605308,,,,,,,,0,10,148,4,4571,1
26134235,,,,,,,,398,6,105,4,4571,1
57954722,1,0,0,0,7,47,13.23,,3,102,0,9058,1
36528793,0,0,0,0,5,44,23.96,,3,123,11,9058,1
46310543,0,0,0,0,6,119,12.02,229,2,44,2,1505,1
15010072,0,1,0,0,11,10,10.24,0,2,5,1,1287,1
52888800,0,0,0,0,6,80,16.27,0,2,55,32,14910,1
15901814,1,0,0,0,8,66,17.07,0,5,138,0,14910,1
52218134,0,0,0,0,2,76,9.64,0,1,7,11,14910,1
16169233,1,1,0,0,6,106,14.6,0,1,36,6,14910,1
11756715,1,0,0,0,5,24,14.17,0,3,191,12,14910,1
11545247,1,0,0,0,3,46,12.49,0,5,175,0,14910,1
38283646,0,0,1,0,6,99,11.55,0,20,25,2,7971,1
54835315,0,0,0,0,16,44,12.61,0,1,1,1,7971,1
51565283,0,0,0,0,7,23,9.75,0,2,11,1,3811,1